sample_id,name,latitude,longitude,coordinate_precision,district,state,locality_type,label_status,geological_group,formation,host_rock,ore_type,structural_notes,geological_age,metamorphic_grade,distance_to_nearest_known_mn_km,fault_lineament_distance_km,lineament_density_per_sqkm,structural_intersection_flag,elevation_m,slope_deg,aspect_deg,curvature,drainage_density,s2_B2,s2_B3,s2_B4,s2_B5,s2_B6,s2_B7,s2_B8,s2_B8A,s2_B11,s2_B12,ndvi,ndmi,bsi,iron_oxide_index,s1_VV,s1_VH,notes,data_source,source_url
1,Balaghat Mine (MOIL),21.8333,80.2333,mine_area (official subsidence report: 21°50'N 80°14'E),Balaghat,Madhya Pradesh,MOIL_active_underground_mine,confirmed_manganese_associated,Sausar Group,Munsar (Mansar) Formation,Mica schist with Mn ore horizon,Stratiform Mn oxide ore,"Ore body strike length 2.8 km, general strike NE-SW, dip 25-85 deg NW","Proterozoic (Sausar Group, Central Indian Tectonic Zone)",Greenschist to amphibolite facies (regional Sausar metamorphism),,,,,,,,,,,,,,,,,,,,,,,,,,Largest and deepest Mn mine in Asia; mining started 1903; lease area 183.09 ha,Balaghat Mine Subsidence Report (forestsclearance.nic.in); MOIL corporate info,https://forestsclearance.nic.in/writereaddata/FormA/Miningletter/111712131216T21YOSubsidencereportBalaghatmine.pdf
2,"Bharveli (Bharweli) Mine, Awalajhari (MOIL)",21.84,80.2311,town/village-level approx (Bharveli census town; mine ~2 km from Balaghat town),Balaghat,Madhya Pradesh,MOIL_active_underground_mine,confirmed_manganese_associated,Sausar Group,Mansar Formation,Metamorphosed manganiferous schist / gondite,Metamorphosed stratiform Mn ore,,Proterozoic (Sausar Group),Amphibolite facies (per Roy 1962 mineragraphic study),,,,,,,,,,,,,,,,,,,,,,,,,,"Mining lease at Bharveli, Awalajhari village, Balaghat tehsil; ML granted 2015, 50-year term","Roy, S. (1962) Economic Geology 57(2):195-208; mindat.org loc-359215; EIA/mining-plan doc (environmentclearance.nic.in)",https://www.mindat.org/loc-359215.html
3,Ukwa Mine (MOIL),21.97,80.47,town-level approx (Ukwa census town),Balaghat,Madhya Pradesh,MOIL_active_mine,confirmed_manganese_associated,Sausar Group,Mansar Formation (Sausar Group manganese belt),Gondite / Mn-oxide ore,Stratiform Mn ore,,Proterozoic (Sausar Group),,,,,,,,,,,,,,,,,,,,,,,,,,,One of MOIL's operating mines in Balaghat district,Wikipedia (Ukwa; MOIL); MOIL corporate mine list,https://en.wikipedia.org/wiki/MOIL
4,"Tirodi Mine (MOIL, opencast)",21.684,79.727,town-level approx (Tirodi census town / tehsil HQ),Balaghat,Madhya Pradesh,MOIL_active_opencast_mine,confirmed_manganese_associated,Sausar Group,Mansar Formation,Tirodi biotite gneiss country rock with interbanded Mn ore/gondite,Stratiform Mn ore,,Proterozoic (Sausar Group),,,,,,,,,,,,,,,,,,,,,,,,,,,Tirodi tehsil borders Maharashtra; one of MOIL's 3 opencast mines,"Wikipedia (Tirodi, Tirodi tehsil); Structural-Stratigraphic Relations in Precambrian Rocks of Sausar Belt (ResearchGate)",https://en.wikipedia.org/wiki/Tirodi
5,"Kandri Mine (MOIL, underground)",,,district/tehsil only - reliable point coordinate not found (conflicting village records),Nagpur,Maharashtra,MOIL_active_underground_mine,confirmed_manganese_associated,Sausar Group,Mansar Formation,Gondite co-folded with Tirodi migmatitic gneiss; argillaceous/calcareous rock types,"Metamorphosed stratiform Mn ore (braunite, bixbyite, hausmannite, hollandite, jacobsite, vredenburgite, pyrolusite, cryptomelane, psilomelane)",Second-generation (F2) synformal folding documented near Kandri Mines,Proterozoic (Sausar Group),Greenschist to amphibolite facies,,,,,,,,,,,,,,,,,,,,,,,,,,"Located near Ramtek/Parseoni area, Nagpur district; approximate area only, verify exact mine-lease coordinate before use","Mineragraphic Study of Mn Ore Deposits of Kandri, Mansar, Beldongri and Satak Mines (scirp.org); Structure of Mn-bearing Metasedimentary Rocks around Kandri Mines paper",https://file.scirp.org/Html/5-2800758_47118.htm
6,"Mansar (Munsar) Mine (MOIL, underground)",21.4,79.25,"town-level approx (Mansar census town, Ramtek tehsil)",Nagpur,Maharashtra,MOIL_active_underground_mine,confirmed_manganese_associated,Sausar Group,Mansar Formation,"Gondite, schistose metasediments",Metamorphosed stratiform Mn ore,,Proterozoic (Sausar Group),Greenschist to amphibolite facies,,,,,,,,,,,,,,,,,,,,,,,,,,,"mindat.org loc-420990; Wikipedia (Mansar, India)",https://www.mindat.org/loc-420990.html
7,"Beldongri Mine (MOIL, underground)",,,district only - point coordinate not found this session,Nagpur,Maharashtra,MOIL_active_underground_mine,confirmed_manganese_associated,Sausar Group,Mansar Formation,Gondite / manganiferous schist,Metamorphosed stratiform Mn ore,,Proterozoic (Sausar Group),Greenschist to amphibolite facies,,,,,,,,,,,,,,,,,,,,,,,,,,"Studied together with Kandri, Mansar, Satak mines","Mineragraphic Study of Mn Ore Deposits of Kandri, Mansar, Beldongri and Satak Mines (scirp.org)",https://file.scirp.org/Html/5-2800758_47118.htm
8,"Gumgaon-Ramdongri Mine (MOIL, underground)",,,district only - point coordinate not found this session,Nagpur,Maharashtra,MOIL_active_underground_mine,confirmed_manganese_associated,Sausar Group,Mansar Formation,Gondite,Metamorphosed stratiform Mn ore,,Proterozoic (Sausar Group),,,,,,,,,,,,,,,,,,,,,,,,,,,,"Roy, S. (1961) Proc. Natl. Inst. Sci. India 27A:108-114",
9,"Chikla Mine (MOIL, underground)",,,district only - point coordinate not found this session,Bhandara,Maharashtra,MOIL_active_underground_mine,confirmed_manganese_associated,Sausar Group,Mansar Formation,Gondite,Metamorphosed stratiform Mn ore,,Proterozoic (Sausar Group),,,,,,,,,,,,,,,,,,,,,,,,,,,Chikla-Sitasongi area,"Roy, S. & Mitra, F.N. (1962) Genesis of the Mn Orebodies of Chikla-Sitasaongi Area, Bhandara District",
10,"Sitapatore (Sitasaongi) Mine (MOIL, opencast)",,,district only - point coordinate not found this session,Bhandara,Maharashtra,MOIL_active_opencast_mine,confirmed_manganese_associated,Sausar Group,Mansar Formation,Gondite,Metamorphosed stratiform Mn ore,,Proterozoic (Sausar Group),,,,,,,,,,,,,,,,,,,,,,,,,,,One of MOIL's 3 opencast mines,"Roy, S. & Mitra, F.N. (1962); Wikipedia (MOIL)",https://en.wikipedia.org/wiki/MOIL
11,"Dongri Buzurg Mine (MOIL, opencast)",21.55,79.6941,village-level approx (Dongri Buzurg village/railway station coordinate),Bhandara,Maharashtra,MOIL_active_opencast_mine,confirmed_manganese_associated,Sausar Group,Mansar Formation,"Mn-oxide ore (supergene-enriched, produces MnO2 for dry-battery industry)",Mn-oxide (pyrolusite-rich) ore,,Proterozoic (Sausar Group),,,,,,,,,,,,,,,,,,,,,,,,,,,Produces manganese dioxide ore for dry-battery industry and Mn micro-nutrient feed/fertilizer grade,"Roy, S. (1959) Economic Geology 54:1556-1574; Wikipedia (Dongri Buzurg railway station); MOIL corporate info",https://en.wikipedia.org/wiki/Dongri_Buzurg_railway_station
12,background_grid_0001,20.6,79.0,"synthetic_grid_point (real coordinates, not a documented locality)",,"MP/Maharashtra (Sausar belt corridor, district not assigned - no offline reverse geocoder available)",background_grid_point,background_unlabeled,,,,,,,,92.66,,,,,,,,,,,,,,,,,,,,,,,,,Unlabeled background point for prospectivity modeling; geology/terrain/spectral attributes NOT populated - see accompanying README,Generated grid (this session),
13,background_grid_0002,20.6,79.1,"synthetic_grid_point (real coordinates, not a documented locality)",,"MP/Maharashtra (Sausar belt corridor, district not assigned - no offline reverse geocoder available)",background_grid_point,background_unlabeled,,,,,,,,90.31,,,,,,,,,,,,,,,,,,,,,,,,,Unlabeled background point for prospectivity modeling; geology/terrain/spectral attributes NOT populated - see accompanying README,Generated grid (this session),
14,background_grid_0003,20.6,79.2,"synthetic_grid_point (real coordinates, not a documented locality)",,"MP/Maharashtra (Sausar belt corridor, district not assigned - no offline reverse geocoder available)",background_grid_point,background_unlabeled,,,,,,,,89.11,,,,,,,,,,,,,,,,,,,,,,,,,Unlabeled background point for prospectivity modeling; geology/terrain/spectral attributes NOT populated - see accompanying README,Generated grid (this session),
15,background_grid_0004,20.6,79.3,"synthetic_grid_point (real coordinates, not a documented locality)",,"MP/Maharashtra (Sausar belt corridor, district not assigned - no offline reverse geocoder available)",background_grid_point,background_unlabeled,,,,,,,,89.11,,,,,,,,,,,,,,,,,,,,,,,,,Unlabeled background point for prospectivity modeling; geology/terrain/spectral attributes NOT populated - see accompanying README,Generated grid (this session),
16,background_grid_0005,20.6,79.4,"synthetic_grid_point (real coordinates, not a documented locality)",,"MP/Maharashtra (Sausar belt corridor, district not assigned - no offline reverse geocoder available)",background_grid_point,background_unlabeled,,,,,,,,90.31,,,,,,,,,,,,,,,,,,,,,,,,,Unlabeled background point for prospectivity modeling; geology/terrain/spectral attributes NOT populated - see accompanying README,Generated grid (this session),
17,background_grid_0006,20.6,79.5,"synthetic_grid_point (real coordinates, not a documented locality)",,"MP/Maharashtra (Sausar belt corridor, district not assigned - no offline reverse geocoder available)",background_grid_point,background_unlabeled,,,,,,,,92.66,,,,,,,,,,,,,,,,,,,,,,,,,Unlabeled background point for prospectivity modeling; geology/terrain/spectral attributes NOT populated - see accompanying README,Generated grid (this session),
18,background_grid_0007,20.6,79.6,"synthetic_grid_point (real coordinates, not a documented locality)",,"MP/Maharashtra (Sausar belt corridor, district not assigned - no offline reverse geocoder available)",background_grid_point,background_unlabeled,,,,,,,,96.09,,,,,,,,,,,,,,,,,,,,,,,,,Unlabeled background point for prospectivity modeling; geology/terrain/spectral attributes NOT populated - see accompanying README,Generated grid (this session),
19,background_grid_0008,20.6,79.7,"synthetic_grid_point (real coordinates, not a documented locality)",,"MP/Maharashtra (Sausar belt corridor, district not assigned - no offline reverse geocoder available)",background_grid_point,background_unlabeled,,,,,,,,100.48,,,,,,,,,,,,,,,,,,,,,,,,,Unlabeled background point for prospectivity modeling; geology/terrain/spectral attributes NOT populated - see accompanying README,Generated grid (this session),
20,background_grid_0009,20.6,79.8,"synthetic_grid_point (real coordinates, not a documented locality)",,"MP/Maharashtra (Sausar belt corridor, district not assigned - no offline reverse geocoder available)",background_grid_point,background_unlabeled,,,,,,,,105.7,,,,,,,,,,,,,,,,,,,,,,,,,Unlabeled background point for prospectivity modeling; geology/terrain/spectral attributes NOT populated - see accompanying README,Generated grid (this session),
21,background_grid_0010,20.6,79.9,"synthetic_grid_point (real coordinates, not a documented locality)",,"MP/Maharashtra (Sausar belt corridor, district not assigned - no offline reverse geocoder available)",background_grid_point,background_unlabeled,,,,,,,,107.77,,,,,,,,,,,,,,,,,,,,,,,,,Unlabeled background point for prospectivity modeling; geology/terrain/spectral attributes NOT populated - see accompanying README,Generated grid (this session),
22,background_grid_0011,20.6,80.0,"synthetic_grid_point (real coordinates, not a documented locality)",,"MP/Maharashtra (Sausar belt corridor, district not assigned - no offline reverse geocoder available)",background_grid_point,background_unlabeled,,,,,,,,110.3,,,,,,,,,,,,,,,,,,,,,,,,,Unlabeled background point for prospectivity modeling; geology/terrain/spectral attributes NOT populated - see accompanying README,Generated grid (this session),
23,background_grid_0012,20.6,80.1,"synthetic_grid_point (real coordinates, not a documented locality)",,"MP/Maharashtra (Sausar belt corridor, district not assigned - no offline reverse geocoder available)",background_grid_point,background_unlabeled,,,,,,,,113.72,,,,,,,,,,,,,,,,,,,,,,,,,Unlabeled background point for prospectivity modeling; geology/terrain/spectral attributes NOT populated - see accompanying README,Generated grid (this session),
24,background_grid_0013,20.6,80.2,"synthetic_grid_point (real coordinates, not a documented locality)",,"MP/Maharashtra (Sausar belt corridor, district not assigned - no offline reverse geocoder available)",background_grid_point,background_unlabeled,,,,,,,,117.96,,,,,,,,,,,,,,,,,,,,,,,,,Unlabeled background point for prospectivity modeling; geology/terrain/spectral attributes NOT populated - see accompanying README,Generated grid (this session),
25,background_grid_0014,20.6,80.3,"synthetic_grid_point (real coordinates, not a documented locality)",,"MP/Maharashtra (Sausar belt corridor, district not assigned - no offline reverse geocoder available)",background_grid_point,background_unlabeled,,,,,,,,122.93,,,,,,,,,,,,,,,,,,,,,,,,,Unlabeled background point for prospectivity modeling; geology/terrain/spectral attributes NOT populated - see accompanying README,Generated grid (this session),
26,background_grid_0015,20.6,80.4,"synthetic_grid_point (real coordinates, not a documented locality)",,"MP/Maharashtra (Sausar belt corridor, district not assigned - no offline reverse geocoder available)",background_grid_point,background_unlabeled,,,,,,,,128.54,,,,,,,,,,,,,,,,,,,,,,,,,Unlabeled background point for prospectivity modeling; geology/terrain/spectral attributes NOT populated - see accompanying README,Generated grid (this session),
27,background_grid_0016,20.6,80.5,"synthetic_grid_point (real coordinates, not a documented locality)",,"MP/Maharashtra (Sausar belt corridor, district not assigned - no offline reverse geocoder available)",background_grid_point,background_unlabeled,,,,,,,,134.72,,,,,,,,,,,,,,,,,,,,,,,,,Unlabeled background point for prospectivity modeling; geology/terrain/spectral attributes NOT populated - see accompanying README,Generated grid (this session),
28,background_grid_0017,20.6,80.6,"synthetic_grid_point (real coordinates, not a documented locality)",,"MP/Maharashtra (Sausar belt corridor, district not assigned - no offline reverse geocoder available)",background_grid_point,background_unlabeled,,,,,,,,141.4,,,,,,,,,,,,,,,,,,,,,,,,,Unlabeled background point for prospectivity modeling; geology/terrain/spectral attributes NOT populated - see accompanying README,Generated grid (this session),
29,background_grid_0018,20.6,80.7,"synthetic_grid_point (real coordinates, not a documented locality)",,"MP/Maharashtra (Sausar belt corridor, district not assigned - no offline reverse geocoder available)",background_grid_point,background_unlabeled,,,,,,,,145.42,,,,,,,,,,,,,,,,,,,,,,,,,Unlabeled background point for prospectivity modeling; geology/terrain/spectral attributes NOT populated - see accompanying README,Generated grid (this session),
30,background_grid_0019,20.6,80.8,"synthetic_grid_point (real coordinates, not a documented locality)",,"MP/Maharashtra (Sausar belt corridor, district not assigned - no offline reverse geocoder available)",background_grid_point,background_unlabeled,,,,,,,,149.19,,,,,,,,,,,,,,,,,,,,,,,,,Unlabeled background point for prospectivity modeling; geology/terrain/spectral attributes NOT populated - see accompanying README,Generated grid (this session),
31,background_grid_0020,20.6,80.9,"synthetic_grid_point (real coordinates, not a documented locality)",,"MP/Maharashtra (Sausar belt corridor, district not assigned - no offline reverse geocoder available)",background_grid_point,background_unlabeled,,,,,,,,153.57,,,,,,,,,,,,,,,,,,,,,,,,,Unlabeled background point for prospectivity modeling; geology/terrain/spectral attributes NOT populated - see accompanying README,Generated grid (this session),
32,background_grid_0021,20.7,79.0,"synthetic_grid_point (real coordinates, not a documented locality)",,"MP/Maharashtra (Sausar belt corridor, district not assigned - no offline reverse geocoder available)",background_grid_point,background_unlabeled,,,,,,,,82.05,,,,,,,,,,,,,,,,,,,,,,,,,Unlabeled background point for prospectivity modeling; geology/terrain/spectral attributes NOT populated - see accompanying README,Generated grid (this session),
33,background_grid_0022,20.7,79.1,"synthetic_grid_point (real coordinates, not a documented locality)",,"MP/Maharashtra (Sausar belt corridor, district not assigned - no offline reverse geocoder available)",background_grid_point,background_unlabeled,,,,,,,,79.38,,,,,,,,,,,,,,,,,,,,,,,,,Unlabeled background point for prospectivity modeling; geology/terrain/spectral attributes NOT populated - see accompanying README,Generated grid (this session),
34,background_grid_0023,20.7,79.2,"synthetic_grid_point (real coordinates, not a documented locality)",,"MP/Maharashtra (Sausar belt corridor, district not assigned - no offline reverse geocoder available)",background_grid_point,background_unlabeled,,,,,,,,78.01,,,,,,,,,,,,,,,,,,,,,,,,,Unlabeled background point for prospectivity modeling; geology/terrain/spectral attributes NOT populated - see accompanying README,Generated grid (this session),
35,background_grid_0024,20.7,79.3,"synthetic_grid_point (real coordinates, not a documented locality)",,"MP/Maharashtra (Sausar belt corridor, district not assigned - no offline reverse geocoder available)",background_grid_point,background_unlabeled,,,,,,,,78.01,,,,,,,,,,,,,,,,,,,,,,,,,Unlabeled background point for prospectivity modeling; geology/terrain/spectral attributes NOT populated - see accompanying README,Generated grid (this session),
36,background_grid_0025,20.7,79.4,"synthetic_grid_point (real coordinates, not a documented locality)",,"MP/Maharashtra (Sausar belt corridor, district not assigned - no offline reverse geocoder available)",background_grid_point,background_unlabeled,,,,,,,,79.38,,,,,,,,,,,,,,,,,,,,,,,,,Unlabeled background point for prospectivity modeling; geology/terrain/spectral attributes NOT populated - see accompanying README,Generated grid (this session),
37,background_grid_0026,20.7,79.5,"synthetic_grid_point (real coordinates, not a documented locality)",,"MP/Maharashtra (Sausar belt corridor, district not assigned - no offline reverse geocoder available)",background_grid_point,background_unlabeled,,,,,,,,82.05,,,,,,,,,,,,,,,,,,,,,,,,,Unlabeled background point for prospectivity modeling; geology/terrain/spectral attributes NOT populated - see accompanying README,Generated grid (this session),
38,background_grid_0027,20.7,79.6,"synthetic_grid_point (real coordinates, not a documented locality)",,"MP/Maharashtra (Sausar belt corridor, district not assigned - no offline reverse geocoder available)",background_grid_point,background_unlabeled,,,,,,,,85.89,,,,,,,,,,,,,,,,,,,,,,,,,Unlabeled background point for prospectivity modeling; geology/terrain/spectral attributes NOT populated - see accompanying README,Generated grid (this session),
39,background_grid_0028,20.7,79.7,"synthetic_grid_point (real coordinates, not a documented locality)",,"MP/Maharashtra (Sausar belt corridor, district not assigned - no offline reverse geocoder available)",background_grid_point,background_unlabeled,,,,,,,,90.77,,,,,,,,,,,,,,,,,,,,,,,,,Unlabeled background point for prospectivity modeling; geology/terrain/spectral attributes NOT populated - see accompanying README,Generated grid (this session),
40,background_grid_0029,20.7,79.8,"synthetic_grid_point (real coordinates, not a documented locality)",,"MP/Maharashtra (Sausar belt corridor, district not assigned - no offline reverse geocoder available)",background_grid_point,background_unlabeled,,,,,,,,95.15,,,,,,,,,,,,,,,,,,,,,,,,,Unlabeled background point for prospectivity modeling; geology/terrain/spectral attributes NOT populated - see accompanying README,Generated grid (this session),
41,background_grid_0030,20.7,79.9,"synthetic_grid_point (real coordinates, not a documented locality)",,"MP/Maharashtra (Sausar belt corridor, district not assigned - no offline reverse geocoder available)",background_grid_point,background_unlabeled,,,,,,,,96.9,,,,,,,,,,,,,,,,,,,,,,,,,Unlabeled background point for prospectivity modeling; geology/terrain/spectral attributes NOT populated - see accompanying README,Generated grid (this session),
42,background_grid_0031,20.7,80.0,"synthetic_grid_point (real coordinates, not a documented locality)",,"MP/Maharashtra (Sausar belt corridor, district not assigned - no offline reverse geocoder available)",background_grid_point,background_unlabeled,,,,,,,,99.7,,,,,,,,,,,,,,,,,,,,,,,,,Unlabeled background point for prospectivity modeling; geology/terrain/spectral attributes NOT populated - see accompanying README,Generated grid (this session),
43,background_grid_0032,20.7,80.1,"synthetic_grid_point (real coordinates, not a documented locality)",,"MP/Maharashtra (Sausar belt corridor, district not assigned - no offline reverse geocoder available)",background_grid_point,background_unlabeled,,,,,,,,103.47,,,,,,,,,,,,,,,,,,,,,,,,,Unlabeled background point for prospectivity modeling; geology/terrain/spectral attributes NOT populated - see accompanying README,Generated grid (this session),
44,background_grid_0033,20.7,80.2,"synthetic_grid_point (real coordinates, not a documented locality)",,"MP/Maharashtra (Sausar belt corridor, district not assigned - no offline reverse geocoder available)",background_grid_point,background_unlabeled,,,,,,,,108.1,,,,,,,,,,,,,,,,,,,,,,,,,Unlabeled background point for prospectivity modeling; geology/terrain/spectral attributes NOT populated - see accompanying README,Generated grid (this session),
45,background_grid_0034,20.7,80.3,"synthetic_grid_point (real coordinates, not a documented locality)",,"MP/Maharashtra (Sausar belt corridor, district not assigned - no offline reverse geocoder available)",background_grid_point,background_unlabeled,,,,,,,,113.5,,,,,,,,,,,,,,,,,,,,,,,,,Unlabeled background point for prospectivity modeling; geology/terrain/spectral attributes NOT populated - see accompanying README,Generated grid (this session),
46,background_grid_0035,20.7,80.4,"synthetic_grid_point (real coordinates, not a documented locality)",,"MP/Maharashtra (Sausar belt corridor, district not assigned - no offline reverse geocoder available)",background_grid_point,background_unlabeled,,,,,,,,119.56,,,,,,,,,,,,,,,,,,,,,,,,,Unlabeled background point for prospectivity modeling; geology/terrain/spectral attributes NOT populated - see accompanying README,Generated grid (this session),
47,background_grid_0036,20.7,80.5,"synthetic_grid_point (real coordinates, not a documented locality)",,"MP/Maharashtra (Sausar belt corridor, district not assigned - no offline reverse geocoder available)",background_grid_point,background_unlabeled,,,,,,,,126.18,,,,,,,,,,,,,,,,,,,,,,,,,Unlabeled background point for prospectivity modeling; geology/terrain/spectral attributes NOT populated - see accompanying README,Generated grid (this session),
48,background_grid_0037,20.7,80.6,"synthetic_grid_point (real coordinates, not a documented locality)",,"MP/Maharashtra (Sausar belt corridor, district not assigned - no offline reverse geocoder available)",background_grid_point,background_unlabeled,,,,,,,,131.62,,,,,,,,,,,,,,,,,,,,,,,,,Unlabeled background point for prospectivity modeling; geology/terrain/spectral attributes NOT populated - see accompanying README,Generated grid (this session),
49,background_grid_0038,20.7,80.7,"synthetic_grid_point (real coordinates, not a documented locality)",,"MP/Maharashtra (Sausar belt corridor, district not assigned - no offline reverse geocoder available)",background_grid_point,background_unlabeled,,,,,,,,134.98,,,,,,,,,,,,,,,,,,,,,,,,,Unlabeled background point for prospectivity modeling; geology/terrain/spectral attributes NOT populated - see accompanying README,Generated grid (this session),
50,background_grid_0039,20.7,80.8,"synthetic_grid_point (real coordinates, not a documented locality)",,"MP/Maharashtra (Sausar belt corridor, district not assigned - no offline reverse geocoder available)",background_grid_point,background_unlabeled,,,,,,,,139.03,,,,,,,,,,,,,,,,,,,,,,,,,Unlabeled background point for prospectivity modeling; geology/terrain/spectral attributes NOT populated - see accompanying README,Generated grid (this session),
51,background_grid_0040,20.7,80.9,"synthetic_grid_point (real coordinates, not a documented locality)",,"MP/Maharashtra (Sausar belt corridor, district not assigned - no offline reverse geocoder available)",background_grid_point,background_unlabeled,,,,,,,,143.71,,,,,,,,,,,,,,,,,,,,,,,,,Unlabeled background point for prospectivity modeling; geology/terrain/spectral attributes NOT populated - see accompanying README,Generated grid (this session),
52,background_grid_0041,20.8,79.0,"synthetic_grid_point (real coordinates, not a documented locality)",,"MP/Maharashtra (Sausar belt corridor, district not assigned - no offline reverse geocoder available)",background_grid_point,background_unlabeled,,,,,,,,71.58,,,,,,,,,,,,,,,,,,,,,,,,,Unlabeled background point for prospectivity modeling; geology/terrain/spectral attributes NOT populated - see accompanying README,Generated grid (this session),
53,background_grid_0042,20.8,79.1,"synthetic_grid_point (real coordinates, not a documented locality)",,"MP/Maharashtra (Sausar belt corridor, district not assigned - no offline reverse geocoder available)",background_grid_point,background_unlabeled,,,,,,,,68.51,,,,,,,,,,,,,,,,,,,,,,,,,Unlabeled background point for prospectivity modeling; geology/terrain/spectral attributes NOT populated - see accompanying README,Generated grid (this session),
54,background_grid_0043,20.8,79.2,"synthetic_grid_point (real coordinates, not a documented locality)",,"MP/Maharashtra (Sausar belt corridor, district not assigned - no offline reverse geocoder available)",background_grid_point,background_unlabeled,,,,,,,,66.92,,,,,,,,,,,,,,,,,,,,,,,,,Unlabeled background point for prospectivity modeling; geology/terrain/spectral attributes NOT populated - see accompanying README,Generated grid (this session),
55,background_grid_0044,20.8,79.3,"synthetic_grid_point (real coordinates, not a documented locality)",,"MP/Maharashtra (Sausar belt corridor, district not assigned - no offline reverse geocoder available)",background_grid_point,background_unlabeled,,,,,,,,66.92,,,,,,,,,,,,,,,,,,,,,,,,,Unlabeled background point for prospectivity modeling; geology/terrain/spectral attributes NOT populated - see accompanying README,Generated grid (this session),
56,background_grid_0045,20.8,79.4,"synthetic_grid_point (real coordinates, not a documented locality)",,"MP/Maharashtra (Sausar belt corridor, district not assigned - no offline reverse geocoder available)",background_grid_point,background_unlabeled,,,,,,,,68.51,,,,,,,,,,,,,,,,,,,,,,,,,Unlabeled background point for prospectivity modeling; geology/terrain/spectral attributes NOT populated - see accompanying README,Generated grid (this session),
57,background_grid_0046,20.8,79.5,"synthetic_grid_point (real coordinates, not a documented locality)",,"MP/Maharashtra (Sausar belt corridor, district not assigned - no offline reverse geocoder available)",background_grid_point,background_unlabeled,,,,,,,,71.58,,,,,,,,,,,,,,,,,,,,,,,,,Unlabeled background point for prospectivity modeling; geology/terrain/spectral attributes NOT populated - see accompanying README,Generated grid (this session),
58,background_grid_0047,20.8,79.6,"synthetic_grid_point (real coordinates, not a documented locality)",,"MP/Maharashtra (Sausar belt corridor, district not assigned - no offline reverse geocoder available)",background_grid_point,background_unlabeled,,,,,,,,75.96,,,,,,,,,,,,,,,,,,,,,,,,,Unlabeled background point for prospectivity modeling; geology/terrain/spectral attributes NOT populated - see accompanying README,Generated grid (this session),
59,background_grid_0048,20.8,79.7,"synthetic_grid_point (real coordinates, not a documented locality)",,"MP/Maharashtra (Sausar belt corridor, district not assigned - no offline reverse geocoder available)",background_grid_point,background_unlabeled,,,,,,,,81.43,,,,,,,,,,,,,,,,,,,,,,,,,Unlabeled background point for prospectivity modeling; geology/terrain/spectral attributes NOT populated - see accompanying README,Generated grid (this session),
60,background_grid_0049,20.8,79.8,"synthetic_grid_point (real coordinates, not a documented locality)",,"MP/Maharashtra (Sausar belt corridor, district not assigned - no offline reverse geocoder available)",background_grid_point,background_unlabeled,,,,,,,,84.12,,,,,,,,,,,,,,,,,,,,,,,,,Unlabeled background point for prospectivity modeling; geology/terrain/spectral attributes NOT populated - see accompanying README,Generated grid (this session),
61,background_grid_0050,20.8,79.9,"synthetic_grid_point (real coordinates, not a documented locality)",,"MP/Maharashtra (Sausar belt corridor, district not assigned - no offline reverse geocoder available)",background_grid_point,background_unlabeled,,,,,,,,86.09,,,,,,,,,,,,,,,,,,,,,,,,,Unlabeled background point for prospectivity modeling; geology/terrain/spectral attributes NOT populated - see accompanying README,Generated grid (this session),
62,background_grid_0051,20.8,80.0,"synthetic_grid_point (real coordinates, not a documented locality)",,"MP/Maharashtra (Sausar belt corridor, district not assigned - no offline reverse geocoder available)",background_grid_point,background_unlabeled,,,,,,,,89.22,,,,,,,,,,,,,,,,,,,,,,,,,Unlabeled background point for prospectivity modeling; geology/terrain/spectral attributes NOT populated - see accompanying README,Generated grid (this session),
63,background_grid_0052,20.8,80.1,"synthetic_grid_point (real coordinates, not a documented locality)",,"MP/Maharashtra (Sausar belt corridor, district not assigned - no offline reverse geocoder available)",background_grid_point,background_unlabeled,,,,,,,,93.41,,,,,,,,,,,,,,,,,,,,,,,,,Unlabeled background point for prospectivity modeling; geology/terrain/spectral attributes NOT populated - see accompanying README,Generated grid (this session),
64,background_grid_0053,20.8,80.2,"synthetic_grid_point (real coordinates, not a documented locality)",,"MP/Maharashtra (Sausar belt corridor, district not assigned - no offline reverse geocoder available)",background_grid_point,background_unlabeled,,,,,,,,98.52,,,,,,,,,,,,,,,,,,,,,,,,,Unlabeled background point for prospectivity modeling; geology/terrain/spectral attributes NOT populated - see accompanying README,Generated grid (this session),
65,background_grid_0054,20.8,80.3,"synthetic_grid_point (real coordinates, not a documented locality)",,"MP/Maharashtra (Sausar belt corridor, district not assigned - no offline reverse geocoder available)",background_grid_point,background_unlabeled,,,,,,,,104.41,,,,,,,,,,,,,,,,,,,,,,,,,Unlabeled background point for prospectivity modeling; geology/terrain/spectral attributes NOT populated - see accompanying README,Generated grid (this session),
66,background_grid_0055,20.8,80.4,"synthetic_grid_point (real coordinates, not a documented locality)",,"MP/Maharashtra (Sausar belt corridor, district not assigned - no offline reverse geocoder available)",background_grid_point,background_unlabeled,,,,,,,,110.96,,,,,,,,,,,,,,,,,,,,,,,,,Unlabeled background point for prospectivity modeling; geology/terrain/spectral attributes NOT populated - see accompanying README,Generated grid (this session),
67,background_grid_0056,20.8,80.5,"synthetic_grid_point (real coordinates, not a documented locality)",,"MP/Maharashtra (Sausar belt corridor, district not assigned - no offline reverse geocoder available)",background_grid_point,background_unlabeled,,,,,,,,118.06,,,,,,,,,,,,,,,,,,,,,,,,,Unlabeled background point for prospectivity modeling; geology/terrain/spectral attributes NOT populated - see accompanying README,Generated grid (this session),
68,background_grid_0057,20.8,80.6,"synthetic_grid_point (real coordinates, not a documented locality)",,"MP/Maharashtra (Sausar belt corridor, district not assigned - no offline reverse geocoder available)",background_grid_point,background_unlabeled,,,,,,,,121.01,,,,,,,,,,,,,,,,,,,,,,,,,Unlabeled background point for prospectivity modeling; geology/terrain/spectral attributes NOT populated - see accompanying README,Generated grid (this session),
69,background_grid_0058,20.8,80.7,"synthetic_grid_point (real coordinates, not a documented locality)",,"MP/Maharashtra (Sausar belt corridor, district not assigned - no offline reverse geocoder available)",background_grid_point,background_unlabeled,,,,,,,,124.65,,,,,,,,,,,,,,,,,,,,,,,,,Unlabeled background point for prospectivity modeling; geology/terrain/spectral attributes NOT populated - see accompanying README,Generated grid (this session),
70,background_grid_0059,20.8,80.8,"synthetic_grid_point (real coordinates, not a documented locality)",,"MP/Maharashtra (Sausar belt corridor, district not assigned - no offline reverse geocoder available)",background_grid_point,background_unlabeled,,,,,,,,129.02,,,,,,,,,,,,,,,,,,,,,,,,,Unlabeled background point for prospectivity modeling; geology/terrain/spectral attributes NOT populated - see accompanying README,Generated grid (this session),
71,background_grid_0060,20.8,80.9,"synthetic_grid_point (real coordinates, not a documented locality)",,"MP/Maharashtra (Sausar belt corridor, district not assigned - no offline reverse geocoder available)",background_grid_point,background_unlabeled,,,,,,,,134.06,,,,,,,,,,,,,,,,,,,,,,,,,Unlabeled background point for prospectivity modeling; geology/terrain/spectral attributes NOT populated - see accompanying README,Generated grid (this session),
72,background_grid_0061,20.9,79.0,"synthetic_grid_point (real coordinates, not a documented locality)",,"MP/Maharashtra (Sausar belt corridor, district not assigned - no offline reverse geocoder available)",background_grid_point,background_unlabeled,,,,,,,,61.35,,,,,,,,,,,,,,,,,,,,,,,,,Unlabeled background point for prospectivity modeling; geology/terrain/spectral attributes NOT populated - see accompanying README,Generated grid (this session),
73,background_grid_0062,20.9,79.1,"synthetic_grid_point (real coordinates, not a documented locality)",,"MP/Maharashtra (Sausar belt corridor, district not assigned - no offline reverse geocoder available)",background_grid_point,background_unlabeled,,,,,,,,57.73,,,,,,,,,,,,,,,,,,,,,,,,,Unlabeled background point for prospectivity modeling; geology/terrain/spectral attributes NOT populated - see accompanying README,Generated grid (this session),
74,background_grid_0063,20.9,79.2,"synthetic_grid_point (real coordinates, not a documented locality)",,"MP/Maharashtra (Sausar belt corridor, district not assigned - no offline reverse geocoder available)",background_grid_point,background_unlabeled,,,,,,,,55.84,,,,,,,,,,,,,,,,,,,,,,,,,Unlabeled background point for prospectivity modeling; geology/terrain/spectral attributes NOT populated - see accompanying README,Generated grid (this session),
75,background_grid_0064,20.9,79.3,"synthetic_grid_point (real coordinates, not a documented locality)",,"MP/Maharashtra (Sausar belt corridor, district not assigned - no offline reverse geocoder available)",background_grid_point,background_unlabeled,,,,,,,,55.84,,,,,,,,,,,,,,,,,,,,,,,,,Unlabeled background point for prospectivity modeling; geology/terrain/spectral attributes NOT populated - see accompanying README,Generated grid (this session),
76,background_grid_0065,20.9,79.4,"synthetic_grid_point (real coordinates, not a documented locality)",,"MP/Maharashtra (Sausar belt corridor, district not assigned - no offline reverse geocoder available)",background_grid_point,background_unlabeled,,,,,,,,57.73,,,,,,,,,,,,,,,,,,,,,,,,,Unlabeled background point for prospectivity modeling; geology/terrain/spectral attributes NOT populated - see accompanying README,Generated grid (this session),
77,background_grid_0066,20.9,79.5,"synthetic_grid_point (real coordinates, not a documented locality)",,"MP/Maharashtra (Sausar belt corridor, district not assigned - no offline reverse geocoder available)",background_grid_point,background_unlabeled,,,,,,,,61.35,,,,,,,,,,,,,,,,,,,,,,,,,Unlabeled background point for prospectivity modeling; geology/terrain/spectral attributes NOT populated - see accompanying README,Generated grid (this session),
78,background_grid_0067,20.9,79.6,"synthetic_grid_point (real coordinates, not a documented locality)",,"MP/Maharashtra (Sausar belt corridor, district not assigned - no offline reverse geocoder available)",background_grid_point,background_unlabeled,,,,,,,,66.4,,,,,,,,,,,,,,,,,,,,,,,,,Unlabeled background point for prospectivity modeling; geology/terrain/spectral attributes NOT populated - see accompanying README,Generated grid (this session),
79,background_grid_0068,20.9,79.7,"synthetic_grid_point (real coordinates, not a documented locality)",,"MP/Maharashtra (Sausar belt corridor, district not assigned - no offline reverse geocoder available)",background_grid_point,background_unlabeled,,,,,,,,72.28,,,,,,,,,,,,,,,,,,,,,,,,,Unlabeled background point for prospectivity modeling; geology/terrain/spectral attributes NOT populated - see accompanying README,Generated grid (this session),
80,background_grid_0069,20.9,79.8,"synthetic_grid_point (real coordinates, not a documented locality)",,"MP/Maharashtra (Sausar belt corridor, district not assigned - no offline reverse geocoder available)",background_grid_point,background_unlabeled,,,,,,,,73.11,,,,,,,,,,,,,,,,,,,,,,,,,Unlabeled background point for prospectivity modeling; geology/terrain/spectral attributes NOT populated - see accompanying README,Generated grid (this session),
81,background_grid_0070,20.9,79.9,"synthetic_grid_point (real coordinates, not a documented locality)",,"MP/Maharashtra (Sausar belt corridor, district not assigned - no offline reverse geocoder available)",background_grid_point,background_unlabeled,,,,,,,,75.36,,,,,,,,,,,,,,,,,,,,,,,,,Unlabeled background point for prospectivity modeling; geology/terrain/spectral attributes NOT populated - see accompanying README,Generated grid (this session),
82,background_grid_0071,20.9,80.0,"synthetic_grid_point (real coordinates, not a documented locality)",,"MP/Maharashtra (Sausar belt corridor, district not assigned - no offline reverse geocoder available)",background_grid_point,background_unlabeled,,,,,,,,78.93,,,,,,,,,,,,,,,,,,,,,,,,,Unlabeled background point for prospectivity modeling; geology/terrain/spectral attributes NOT populated - see accompanying README,Generated grid (this session),
83,background_grid_0072,20.9,80.1,"synthetic_grid_point (real coordinates, not a documented locality)",,"MP/Maharashtra (Sausar belt corridor, district not assigned - no offline reverse geocoder available)",background_grid_point,background_unlabeled,,,,,,,,83.63,,,,,,,,,,,,,,,,,,,,,,,,,Unlabeled background point for prospectivity modeling; geology/terrain/spectral attributes NOT populated - see accompanying README,Generated grid (this session),
84,background_grid_0073,20.9,80.2,"synthetic_grid_point (real coordinates, not a documented locality)",,"MP/Maharashtra (Sausar belt corridor, district not assigned - no offline reverse geocoder available)",background_grid_point,background_unlabeled,,,,,,,,89.29,,,,,,,,,,,,,,,,,,,,,,,,,Unlabeled background point for prospectivity modeling; geology/terrain/spectral attributes NOT populated - see accompanying README,Generated grid (this session),
85,background_grid_0074,20.9,80.3,"synthetic_grid_point (real coordinates, not a documented locality)",,"MP/Maharashtra (Sausar belt corridor, district not assigned - no offline reverse geocoder available)",background_grid_point,background_unlabeled,,,,,,,,95.75,,,,,,,,,,,,,,,,,,,,,,,,,Unlabeled background point for prospectivity modeling; geology/terrain/spectral attributes NOT populated - see accompanying README,Generated grid (this session),
86,background_grid_0075,20.9,80.4,"synthetic_grid_point (real coordinates, not a documented locality)",,"MP/Maharashtra (Sausar belt corridor, district not assigned - no offline reverse geocoder available)",background_grid_point,background_unlabeled,,,,,,,,102.85,,,,,,,,,,,,,,,,,,,,,,,,,Unlabeled background point for prospectivity modeling; geology/terrain/spectral attributes NOT populated - see accompanying README,Generated grid (this session),
87,background_grid_0076,20.9,80.5,"synthetic_grid_point (real coordinates, not a documented locality)",,"MP/Maharashtra (Sausar belt corridor, district not assigned - no offline reverse geocoder available)",background_grid_point,background_unlabeled,,,,,,,,107.39,,,,,,,,,,,,,,,,,,,,,,,,,Unlabeled background point for prospectivity modeling; geology/terrain/spectral attributes NOT populated - see accompanying README,Generated grid (this session),
88,background_grid_0077,20.9,80.6,"synthetic_grid_point (real coordinates, not a documented locality)",,"MP/Maharashtra (Sausar belt corridor, district not assigned - no offline reverse geocoder available)",background_grid_point,background_unlabeled,,,,,,,,110.51,,,,,,,,,,,,,,,,,,,,,,,,,Unlabeled background point for prospectivity modeling; geology/terrain/spectral attributes NOT populated - see accompanying README,Generated grid (this session),
89,background_grid_0078,20.9,80.7,"synthetic_grid_point (real coordinates, not a documented locality)",,"MP/Maharashtra (Sausar belt corridor, district not assigned - no offline reverse geocoder available)",background_grid_point,background_unlabeled,,,,,,,,114.48,,,,,,,,,,,,,,,,,,,,,,,,,Unlabeled background point for prospectivity modeling; geology/terrain/spectral attributes NOT populated - see accompanying README,Generated grid (this session),
90,background_grid_0079,20.9,80.8,"synthetic_grid_point (real coordinates, not a documented locality)",,"MP/Maharashtra (Sausar belt corridor, district not assigned - no offline reverse geocoder available)",background_grid_point,background_unlabeled,,,,,,,,119.22,,,,,,,,,,,,,,,,,,,,,,,,,Unlabeled background point for prospectivity modeling; geology/terrain/spectral attributes NOT populated - see accompanying README,Generated grid (this session),
91,background_grid_0080,20.9,80.9,"synthetic_grid_point (real coordinates, not a documented locality)",,"MP/Maharashtra (Sausar belt corridor, district not assigned - no offline reverse geocoder available)",background_grid_point,background_unlabeled,,,,,,,,124.64,,,,,,,,,,,,,,,,,,,,,,,,,Unlabeled background point for prospectivity modeling; geology/terrain/spectral attributes NOT populated - see accompanying README,Generated grid (this session),
92,background_grid_0081,21.0,79.0,"synthetic_grid_point (real coordinates, not a documented locality)",,"MP/Maharashtra (Sausar belt corridor, district not assigned - no offline reverse geocoder available)",background_grid_point,background_unlabeled,,,,,,,,51.48,,,,,,,,,,,,,,,,,,,,,,,,,Unlabeled background point for prospectivity modeling; geology/terrain/spectral attributes NOT populated - see accompanying README,Generated grid (this session),
93,background_grid_0082,21.0,79.1,"synthetic_grid_point (real coordinates, not a documented locality)",,"MP/Maharashtra (Sausar belt corridor, district not assigned - no offline reverse geocoder available)",background_grid_point,background_unlabeled,,,,,,,,47.12,,,,,,,,,,,,,,,,,,,,,,,,,Unlabeled background point for prospectivity modeling; geology/terrain/spectral attributes NOT populated - see accompanying README,Generated grid (this session),
94,background_grid_0083,21.0,79.2,"synthetic_grid_point (real coordinates, not a documented locality)",,"MP/Maharashtra (Sausar belt corridor, district not assigned - no offline reverse geocoder available)",background_grid_point,background_unlabeled,,,,,,,,44.78,,,,,,,,,,,,,,,,,,,,,,,,,Unlabeled background point for prospectivity modeling; geology/terrain/spectral attributes NOT populated - see accompanying README,Generated grid (this session),
95,background_grid_0084,21.0,79.3,"synthetic_grid_point (real coordinates, not a documented locality)",,"MP/Maharashtra (Sausar belt corridor, district not assigned - no offline reverse geocoder available)",background_grid_point,background_unlabeled,,,,,,,,44.78,,,,,,,,,,,,,,,,,,,,,,,,,Unlabeled background point for prospectivity modeling; geology/terrain/spectral attributes NOT populated - see accompanying README,Generated grid (this session),
96,background_grid_0085,21.0,79.4,"synthetic_grid_point (real coordinates, not a documented locality)",,"MP/Maharashtra (Sausar belt corridor, district not assigned - no offline reverse geocoder available)",background_grid_point,background_unlabeled,,,,,,,,47.12,,,,,,,,,,,,,,,,,,,,,,,,,Unlabeled background point for prospectivity modeling; geology/terrain/spectral attributes NOT populated - see accompanying README,Generated grid (this session),
97,background_grid_0086,21.0,79.5,"synthetic_grid_point (real coordinates, not a documented locality)",,"MP/Maharashtra (Sausar belt corridor, district not assigned - no offline reverse geocoder available)",background_grid_point,background_unlabeled,,,,,,,,51.48,,,,,,,,,,,,,,,,,,,,,,,,,Unlabeled background point for prospectivity modeling; geology/terrain/spectral attributes NOT populated - see accompanying README,Generated grid (this session),
98,background_grid_0087,21.0,79.6,"synthetic_grid_point (real coordinates, not a documented locality)",,"MP/Maharashtra (Sausar belt corridor, district not assigned - no offline reverse geocoder available)",background_grid_point,background_unlabeled,,,,,,,,57.4,,,,,,,,,,,,,,,,,,,,,,,,,Unlabeled background point for prospectivity modeling; geology/terrain/spectral attributes NOT populated - see accompanying README,Generated grid (this session),
99,background_grid_0088,21.0,79.7,"synthetic_grid_point (real coordinates, not a documented locality)",,"MP/Maharashtra (Sausar belt corridor, district not assigned - no offline reverse geocoder available)",background_grid_point,background_unlabeled,,,,,,,,61.16,,,,,,,,,,,,,,,,,,,,,,,,,Unlabeled background point for prospectivity modeling; geology/terrain/spectral attributes NOT populated - see accompanying README,Generated grid (this session),
100,background_grid_0089,21.0,79.8,"synthetic_grid_point (real coordinates, not a documented locality)",,"MP/Maharashtra (Sausar belt corridor, district not assigned - no offline reverse geocoder available)",background_grid_point,background_unlabeled,,,,,,,,62.13,,,,,,,,,,,,,,,,,,,,,,,,,Unlabeled background point for prospectivity modeling; geology/terrain/spectral attributes NOT populated - see accompanying README,Generated grid (this session),
101,background_grid_0090,21.0,79.9,"synthetic_grid_point (real coordinates, not a documented locality)",,"MP/Maharashtra (Sausar belt corridor, district not assigned - no offline reverse geocoder available)",background_grid_point,background_unlabeled,,,,,,,,64.77,,,,,,,,,,,,,,,,,,,,,,,,,Unlabeled background point for prospectivity modeling; geology/terrain/spectral attributes NOT populated - see accompanying README,Generated grid (this session),
102,background_grid_0091,21.0,80.0,"synthetic_grid_point (real coordinates, not a documented locality)",,"MP/Maharashtra (Sausar belt corridor, district not assigned - no offline reverse geocoder available)",background_grid_point,background_unlabeled,,,,,,,,68.88,,,,,,,,,,,,,,,,,,,,,,,,,Unlabeled background point for prospectivity modeling; geology/terrain/spectral attributes NOT populated - see accompanying README,Generated grid (this session),
103,background_grid_0092,21.0,80.1,"synthetic_grid_point (real coordinates, not a documented locality)",,"MP/Maharashtra (Sausar belt corridor, district not assigned - no offline reverse geocoder available)",background_grid_point,background_unlabeled,,,,,,,,74.22,,,,,,,,,,,,,,,,,,,,,,,,,Unlabeled background point for prospectivity modeling; geology/terrain/spectral attributes NOT populated - see accompanying README,Generated grid (this session),
104,background_grid_0093,21.0,80.2,"synthetic_grid_point (real coordinates, not a documented locality)",,"MP/Maharashtra (Sausar belt corridor, district not assigned - no offline reverse geocoder available)",background_grid_point,background_unlabeled,,,,,,,,80.55,,,,,,,,,,,,,,,,,,,,,,,,,Unlabeled background point for prospectivity modeling; geology/terrain/spectral attributes NOT populated - see accompanying README,Generated grid (this session),
105,background_grid_0094,21.0,80.3,"synthetic_grid_point (real coordinates, not a documented locality)",,"MP/Maharashtra (Sausar belt corridor, district not assigned - no offline reverse geocoder available)",background_grid_point,background_unlabeled,,,,,,,,87.65,,,,,,,,,,,,,,,,,,,,,,,,,Unlabeled background point for prospectivity modeling; geology/terrain/spectral attributes NOT populated - see accompanying README,Generated grid (this session),
106,background_grid_0095,21.0,80.4,"synthetic_grid_point (real coordinates, not a documented locality)",,"MP/Maharashtra (Sausar belt corridor, district not assigned - no offline reverse geocoder available)",background_grid_point,background_unlabeled,,,,,,,,94.25,,,,,,,,,,,,,,,,,,,,,,,,,Unlabeled background point for prospectivity modeling; geology/terrain/spectral attributes NOT populated - see accompanying README,Generated grid (this session),
107,background_grid_0096,21.0,80.5,"synthetic_grid_point (real coordinates, not a documented locality)",,"MP/Maharashtra (Sausar belt corridor, district not assigned - no offline reverse geocoder available)",background_grid_point,background_unlabeled,,,,,,,,96.68,,,,,,,,,,,,,,,,,,,,,,,,,Unlabeled background point for prospectivity modeling; geology/terrain/spectral attributes NOT populated - see accompanying README,Generated grid (this session),
108,background_grid_0097,21.0,80.6,"synthetic_grid_point (real coordinates, not a documented locality)",,"MP/Maharashtra (Sausar belt corridor, district not assigned - no offline reverse geocoder available)",background_grid_point,background_unlabeled,,,,,,,,100.13,,,,,,,,,,,,,,,,,,,,,,,,,Unlabeled background point for prospectivity modeling; geology/terrain/spectral attributes NOT populated - see accompanying README,Generated grid (this session),
109,background_grid_0098,21.0,80.7,"synthetic_grid_point (real coordinates, not a documented locality)",,"MP/Maharashtra (Sausar belt corridor, district not assigned - no offline reverse geocoder available)",background_grid_point,background_unlabeled,,,,,,,,104.5,,,,,,,,,,,,,,,,,,,,,,,,,Unlabeled background point for prospectivity modeling; geology/terrain/spectral attributes NOT populated - see accompanying README,Generated grid (this session),
110,background_grid_0099,21.0,80.8,"synthetic_grid_point (real coordinates, not a documented locality)",,"MP/Maharashtra (Sausar belt corridor, district not assigned - no offline reverse geocoder available)",background_grid_point,background_unlabeled,,,,,,,,109.67,,,,,,,,,,,,,,,,,,,,,,,,,Unlabeled background point for prospectivity modeling; geology/terrain/spectral attributes NOT populated - see accompanying README,Generated grid (this session),
111,background_grid_0100,21.0,80.9,"synthetic_grid_point (real coordinates, not a documented locality)",,"MP/Maharashtra (Sausar belt corridor, district not assigned - no offline reverse geocoder available)",background_grid_point,background_unlabeled,,,,,,,,115.54,,,,,,,,,,,,,,,,,,,,,,,,,Unlabeled background point for prospectivity modeling; geology/terrain/spectral attributes NOT populated - see accompanying README,Generated grid (this session),
112,background_grid_0101,21.1,79.0,"synthetic_grid_point (real coordinates, not a documented locality)",,"MP/Maharashtra (Sausar belt corridor, district not assigned - no offline reverse geocoder available)",background_grid_point,background_unlabeled,,,,,,,,42.24,,,,,,,,,,,,,,,,,,,,,,,,,Unlabeled background point for prospectivity modeling; geology/terrain/spectral attributes NOT populated - see accompanying README,Generated grid (this session),
113,background_grid_0102,21.1,79.1,"synthetic_grid_point (real coordinates, not a documented locality)",,"MP/Maharashtra (Sausar belt corridor, district not assigned - no offline reverse geocoder available)",background_grid_point,background_unlabeled,,,,,,,,36.8,,,,,,,,,,,,,,,,,,,,,,,,,Unlabeled background point for prospectivity modeling; geology/terrain/spectral attributes NOT populated - see accompanying README,Generated grid (this session),
114,background_grid_0103,21.1,79.2,"synthetic_grid_point (real coordinates, not a documented locality)",,"MP/Maharashtra (Sausar belt corridor, district not assigned - no offline reverse geocoder available)",background_grid_point,background_unlabeled,,,,,,,,33.76,,,,,,,,,,,,,,,,,,,,,,,,,Unlabeled background point for prospectivity modeling; geology/terrain/spectral attributes NOT populated - see accompanying README,Generated grid (this session),
115,background_grid_0104,21.1,79.3,"synthetic_grid_point (real coordinates, not a documented locality)",,"MP/Maharashtra (Sausar belt corridor, district not assigned - no offline reverse geocoder available)",background_grid_point,background_unlabeled,,,,,,,,33.76,,,,,,,,,,,,,,,,,,,,,,,,,Unlabeled background point for prospectivity modeling; geology/terrain/spectral attributes NOT populated - see accompanying README,Generated grid (this session),
116,background_grid_0105,21.1,79.4,"synthetic_grid_point (real coordinates, not a documented locality)",,"MP/Maharashtra (Sausar belt corridor, district not assigned - no offline reverse geocoder available)",background_grid_point,background_unlabeled,,,,,,,,36.8,,,,,,,,,,,,,,,,,,,,,,,,,Unlabeled background point for prospectivity modeling; geology/terrain/spectral attributes NOT populated - see accompanying README,Generated grid (this session),
117,background_grid_0106,21.1,79.5,"synthetic_grid_point (real coordinates, not a documented locality)",,"MP/Maharashtra (Sausar belt corridor, district not assigned - no offline reverse geocoder available)",background_grid_point,background_unlabeled,,,,,,,,42.24,,,,,,,,,,,,,,,,,,,,,,,,,Unlabeled background point for prospectivity modeling; geology/terrain/spectral attributes NOT populated - see accompanying README,Generated grid (this session),
118,background_grid_0107,21.1,79.6,"synthetic_grid_point (real coordinates, not a documented locality)",,"MP/Maharashtra (Sausar belt corridor, district not assigned - no offline reverse geocoder available)",background_grid_point,background_unlabeled,,,,,,,,49.28,,,,,,,,,,,,,,,,,,,,,,,,,Unlabeled background point for prospectivity modeling; geology/terrain/spectral attributes NOT populated - see accompanying README,Generated grid (this session),
119,background_grid_0108,21.1,79.7,"synthetic_grid_point (real coordinates, not a documented locality)",,"MP/Maharashtra (Sausar belt corridor, district not assigned - no offline reverse geocoder available)",background_grid_point,background_unlabeled,,,,,,,,50.04,,,,,,,,,,,,,,,,,,,,,,,,,Unlabeled background point for prospectivity modeling; geology/terrain/spectral attributes NOT populated - see accompanying README,Generated grid (this session),
120,background_grid_0109,21.1,79.8,"synthetic_grid_point (real coordinates, not a documented locality)",,"MP/Maharashtra (Sausar belt corridor, district not assigned - no offline reverse geocoder available)",background_grid_point,background_unlabeled,,,,,,,,51.23,,,,,,,,,,,,,,,,,,,,,,,,,Unlabeled background point for prospectivity modeling; geology/terrain/spectral attributes NOT populated - see accompanying README,Generated grid (this session),
121,background_grid_0110,21.1,79.9,"synthetic_grid_point (real coordinates, not a documented locality)",,"MP/Maharashtra (Sausar belt corridor, district not assigned - no offline reverse geocoder available)",background_grid_point,background_unlabeled,,,,,,,,54.39,,,,,,,,,,,,,,,,,,,,,,,,,Unlabeled background point for prospectivity modeling; geology/terrain/spectral attributes NOT populated - see accompanying README,Generated grid (this session),
122,background_grid_0111,21.1,80.0,"synthetic_grid_point (real coordinates, not a documented locality)",,"MP/Maharashtra (Sausar belt corridor, district not assigned - no offline reverse geocoder available)",background_grid_point,background_unlabeled,,,,,,,,59.23,,,,,,,,,,,,,,,,,,,,,,,,,Unlabeled background point for prospectivity modeling; geology/terrain/spectral attributes NOT populated - see accompanying README,Generated grid (this session),
123,background_grid_0112,21.1,80.1,"synthetic_grid_point (real coordinates, not a documented locality)",,"MP/Maharashtra (Sausar belt corridor, district not assigned - no offline reverse geocoder available)",background_grid_point,background_unlabeled,,,,,,,,65.36,,,,,,,,,,,,,,,,,,,,,,,,,Unlabeled background point for prospectivity modeling; geology/terrain/spectral attributes NOT populated - see accompanying README,Generated grid (this session),
124,background_grid_0113,21.1,80.2,"synthetic_grid_point (real coordinates, not a documented locality)",,"MP/Maharashtra (Sausar belt corridor, district not assigned - no offline reverse geocoder available)",background_grid_point,background_unlabeled,,,,,,,,72.45,,,,,,,,,,,,,,,,,,,,,,,,,Unlabeled background point for prospectivity modeling; geology/terrain/spectral attributes NOT populated - see accompanying README,Generated grid (this session),
125,background_grid_0114,21.1,80.3,"synthetic_grid_point (real coordinates, not a documented locality)",,"MP/Maharashtra (Sausar belt corridor, district not assigned - no offline reverse geocoder available)",background_grid_point,background_unlabeled,,,,,,,,80.27,,,,,,,,,,,,,,,,,,,,,,,,,Unlabeled background point for prospectivity modeling; geology/terrain/spectral attributes NOT populated - see accompanying README,Generated grid (this session),
126,background_grid_0115,21.1,80.4,"synthetic_grid_point (real coordinates, not a documented locality)",,"MP/Maharashtra (Sausar belt corridor, district not assigned - no offline reverse geocoder available)",background_grid_point,background_unlabeled,,,,,,,,83.34,,,,,,,,,,,,,,,,,,,,,,,,,Unlabeled background point for prospectivity modeling; geology/terrain/spectral attributes NOT populated - see accompanying README,Generated grid (this session),
127,background_grid_0116,21.1,80.5,"synthetic_grid_point (real coordinates, not a documented locality)",,"MP/Maharashtra (Sausar belt corridor, district not assigned - no offline reverse geocoder available)",background_grid_point,background_unlabeled,,,,,,,,86.08,,,,,,,,,,,,,,,,,,,,,,,,,Unlabeled background point for prospectivity modeling; geology/terrain/spectral attributes NOT populated - see accompanying README,Generated grid (this session),
128,background_grid_0117,21.1,80.6,"synthetic_grid_point (real coordinates, not a documented locality)",,"MP/Maharashtra (Sausar belt corridor, district not assigned - no offline reverse geocoder available)",background_grid_point,background_unlabeled,,,,,,,,89.94,,,,,,,,,,,,,,,,,,,,,,,,,Unlabeled background point for prospectivity modeling; geology/terrain/spectral attributes NOT populated - see accompanying README,Generated grid (this session),
129,background_grid_0118,21.1,80.7,"synthetic_grid_point (real coordinates, not a documented locality)",,"MP/Maharashtra (Sausar belt corridor, district not assigned - no offline reverse geocoder available)",background_grid_point,background_unlabeled,,,,,,,,94.77,,,,,,,,,,,,,,,,,,,,,,,,,Unlabeled background point for prospectivity modeling; geology/terrain/spectral attributes NOT populated - see accompanying README,Generated grid (this session),
130,background_grid_0119,21.1,80.8,"synthetic_grid_point (real coordinates, not a documented locality)",,"MP/Maharashtra (Sausar belt corridor, district not assigned - no offline reverse geocoder available)",background_grid_point,background_unlabeled,,,,,,,,100.44,,,,,,,,,,,,,,,,,,,,,,,,,Unlabeled background point for prospectivity modeling; geology/terrain/spectral attributes NOT populated - see accompanying README,Generated grid (this session),
131,background_grid_0120,21.1,80.9,"synthetic_grid_point (real coordinates, not a documented locality)",,"MP/Maharashtra (Sausar belt corridor, district not assigned - no offline reverse geocoder available)",background_grid_point,background_unlabeled,,,,,,,,106.47,,,,,,,,,,,,,,,,,,,,,,,,,Unlabeled background point for prospectivity modeling; geology/terrain/spectral attributes NOT populated - see accompanying README,Generated grid (this session),
132,background_grid_0121,21.2,79.0,"synthetic_grid_point (real coordinates, not a documented locality)",,"MP/Maharashtra (Sausar belt corridor, district not assigned - no offline reverse geocoder available)",background_grid_point,background_unlabeled,,,,,,,,34.14,,,,,,,,,,,,,,,,,,,,,,,,,Unlabeled background point for prospectivity modeling; geology/terrain/spectral attributes NOT populated - see accompanying README,Generated grid (this session),
133,background_grid_0122,21.2,79.1,"synthetic_grid_point (real coordinates, not a documented locality)",,"MP/Maharashtra (Sausar belt corridor, district not assigned - no offline reverse geocoder available)",background_grid_point,background_unlabeled,,,,,,,,27.13,,,,,,,,,,,,,,,,,,,,,,,,,Unlabeled background point for prospectivity modeling; geology/terrain/spectral attributes NOT populated - see accompanying README,Generated grid (this session),
134,background_grid_0123,21.2,79.2,"synthetic_grid_point (real coordinates, not a documented locality)",,"MP/Maharashtra (Sausar belt corridor, district not assigned - no offline reverse geocoder available)",background_grid_point,background_unlabeled,,,,,,,,22.83,,,,,,,,,,,,,,,,,,,,,,,,,Unlabeled background point for prospectivity modeling; geology/terrain/spectral attributes NOT populated - see accompanying README,Generated grid (this session),
135,background_grid_0124,21.2,79.3,"synthetic_grid_point (real coordinates, not a documented locality)",,"MP/Maharashtra (Sausar belt corridor, district not assigned - no offline reverse geocoder available)",background_grid_point,background_unlabeled,,,,,,,,22.83,,,,,,,,,,,,,,,,,,,,,,,,,Unlabeled background point for prospectivity modeling; geology/terrain/spectral attributes NOT populated - see accompanying README,Generated grid (this session),
136,background_grid_0125,21.2,79.4,"synthetic_grid_point (real coordinates, not a documented locality)",,"MP/Maharashtra (Sausar belt corridor, district not assigned - no offline reverse geocoder available)",background_grid_point,background_unlabeled,,,,,,,,27.13,,,,,,,,,,,,,,,,,,,,,,,,,Unlabeled background point for prospectivity modeling; geology/terrain/spectral attributes NOT populated - see accompanying README,Generated grid (this session),
137,background_grid_0126,21.2,79.5,"synthetic_grid_point (real coordinates, not a documented locality)",,"MP/Maharashtra (Sausar belt corridor, district not assigned - no offline reverse geocoder available)",background_grid_point,background_unlabeled,,,,,,,,34.14,,,,,,,,,,,,,,,,,,,,,,,,,Unlabeled background point for prospectivity modeling; geology/terrain/spectral attributes NOT populated - see accompanying README,Generated grid (this session),
138,background_grid_0127,21.2,79.6,"synthetic_grid_point (real coordinates, not a documented locality)",,"MP/Maharashtra (Sausar belt corridor, district not assigned - no offline reverse geocoder available)",background_grid_point,background_unlabeled,,,,,,,,40.12,,,,,,,,,,,,,,,,,,,,,,,,,Unlabeled background point for prospectivity modeling; geology/terrain/spectral attributes NOT populated - see accompanying README,Generated grid (this session),
139,background_grid_0128,21.2,79.7,"synthetic_grid_point (real coordinates, not a documented locality)",,"MP/Maharashtra (Sausar belt corridor, district not assigned - no offline reverse geocoder available)",background_grid_point,background_unlabeled,,,,,,,,38.92,,,,,,,,,,,,,,,,,,,,,,,,,Unlabeled background point for prospectivity modeling; geology/terrain/spectral attributes NOT populated - see accompanying README,Generated grid (this session),
140,background_grid_0129,21.2,79.8,"synthetic_grid_point (real coordinates, not a documented locality)",,"MP/Maharashtra (Sausar belt corridor, district not assigned - no offline reverse geocoder available)",background_grid_point,background_unlabeled,,,,,,,,40.43,,,,,,,,,,,,,,,,,,,,,,,,,Unlabeled background point for prospectivity modeling; geology/terrain/spectral attributes NOT populated - see accompanying README,Generated grid (this session),
141,background_grid_0130,21.2,79.9,"synthetic_grid_point (real coordinates, not a documented locality)",,"MP/Maharashtra (Sausar belt corridor, district not assigned - no offline reverse geocoder available)",background_grid_point,background_unlabeled,,,,,,,,44.38,,,,,,,,,,,,,,,,,,,,,,,,,Unlabeled background point for prospectivity modeling; geology/terrain/spectral attributes NOT populated - see accompanying README,Generated grid (this session),
142,background_grid_0131,21.2,80.0,"synthetic_grid_point (real coordinates, not a documented locality)",,"MP/Maharashtra (Sausar belt corridor, district not assigned - no offline reverse geocoder available)",background_grid_point,background_unlabeled,,,,,,,,50.18,,,,,,,,,,,,,,,,,,,,,,,,,Unlabeled background point for prospectivity modeling; geology/terrain/spectral attributes NOT populated - see accompanying README,Generated grid (this session),
143,background_grid_0132,21.2,80.1,"synthetic_grid_point (real coordinates, not a documented locality)",,"MP/Maharashtra (Sausar belt corridor, district not assigned - no offline reverse geocoder available)",background_grid_point,background_unlabeled,,,,,,,,57.28,,,,,,,,,,,,,,,,,,,,,,,,,Unlabeled background point for prospectivity modeling; geology/terrain/spectral attributes NOT populated - see accompanying README,Generated grid (this session),
144,background_grid_0133,21.2,80.2,"synthetic_grid_point (real coordinates, not a documented locality)",,"MP/Maharashtra (Sausar belt corridor, district not assigned - no offline reverse geocoder available)",background_grid_point,background_unlabeled,,,,,,,,65.26,,,,,,,,,,,,,,,,,,,,,,,,,Unlabeled background point for prospectivity modeling; geology/terrain/spectral attributes NOT populated - see accompanying README,Generated grid (this session),
145,background_grid_0134,21.2,80.3,"synthetic_grid_point (real coordinates, not a documented locality)",,"MP/Maharashtra (Sausar belt corridor, district not assigned - no offline reverse geocoder available)",background_grid_point,background_unlabeled,,,,,,,,70.76,,,,,,,,,,,,,,,,,,,,,,,,,Unlabeled background point for prospectivity modeling; geology/terrain/spectral attributes NOT populated - see accompanying README,Generated grid (this session),
146,background_grid_0135,21.2,80.4,"synthetic_grid_point (real coordinates, not a documented locality)",,"MP/Maharashtra (Sausar belt corridor, district not assigned - no offline reverse geocoder available)",background_grid_point,background_unlabeled,,,,,,,,72.5,,,,,,,,,,,,,,,,,,,,,,,,,Unlabeled background point for prospectivity modeling; geology/terrain/spectral attributes NOT populated - see accompanying README,Generated grid (this session),
147,background_grid_0136,21.2,80.5,"synthetic_grid_point (real coordinates, not a documented locality)",,"MP/Maharashtra (Sausar belt corridor, district not assigned - no offline reverse geocoder available)",background_grid_point,background_unlabeled,,,,,,,,75.63,,,,,,,,,,,,,,,,,,,,,,,,,Unlabeled background point for prospectivity modeling; geology/terrain/spectral attributes NOT populated - see accompanying README,Generated grid (this session),
148,background_grid_0137,21.2,80.6,"synthetic_grid_point (real coordinates, not a documented locality)",,"MP/Maharashtra (Sausar belt corridor, district not assigned - no offline reverse geocoder available)",background_grid_point,background_unlabeled,,,,,,,,79.99,,,,,,,,,,,,,,,,,,,,,,,,,Unlabeled background point for prospectivity modeling; geology/terrain/spectral attributes NOT populated - see accompanying README,Generated grid (this session),
149,background_grid_0138,21.2,80.7,"synthetic_grid_point (real coordinates, not a documented locality)",,"MP/Maharashtra (Sausar belt corridor, district not assigned - no offline reverse geocoder available)",background_grid_point,background_unlabeled,,,,,,,,85.38,,,,,,,,,,,,,,,,,,,,,,,,,Unlabeled background point for prospectivity modeling; geology/terrain/spectral attributes NOT populated - see accompanying README,Generated grid (this session),
150,background_grid_0139,21.2,80.8,"synthetic_grid_point (real coordinates, not a documented locality)",,"MP/Maharashtra (Sausar belt corridor, district not assigned - no offline reverse geocoder available)",background_grid_point,background_unlabeled,,,,,,,,91.63,,,,,,,,,,,,,,,,,,,,,,,,,Unlabeled background point for prospectivity modeling; geology/terrain/spectral attributes NOT populated - see accompanying README,Generated grid (this session),
151,background_grid_0140,21.2,80.9,"synthetic_grid_point (real coordinates, not a documented locality)",,"MP/Maharashtra (Sausar belt corridor, district not assigned - no offline reverse geocoder available)",background_grid_point,background_unlabeled,,,,,,,,96.48,,,,,,,,,,,,,,,,,,,,,,,,,Unlabeled background point for prospectivity modeling; geology/terrain/spectral attributes NOT populated - see accompanying README,Generated grid (this session),
152,background_grid_0141,21.3,79.0,"synthetic_grid_point (real coordinates, not a documented locality)",,"MP/Maharashtra (Sausar belt corridor, district not assigned - no offline reverse geocoder available)",background_grid_point,background_unlabeled,,,,,,,,28.18,,,,,,,,,,,,,,,,,,,,,,,,,Unlabeled background point for prospectivity modeling; geology/terrain/spectral attributes NOT populated - see accompanying README,Generated grid (this session),
153,background_grid_0142,21.3,79.1,"synthetic_grid_point (real coordinates, not a documented locality)",,"MP/Maharashtra (Sausar belt corridor, district not assigned - no offline reverse geocoder available)",background_grid_point,background_unlabeled,,,,,,,,19.1,,,,,,,,,,,,,,,,,,,,,,,,,Unlabeled background point for prospectivity modeling; geology/terrain/spectral attributes NOT populated - see accompanying README,Generated grid (this session),
154,background_grid_0143,21.3,79.2,"synthetic_grid_point (real coordinates, not a documented locality)",,"MP/Maharashtra (Sausar belt corridor, district not assigned - no offline reverse geocoder available)",background_grid_point,background_unlabeled,,,,,,,,12.27,,,,,,,,,,,,,,,,,,,,,,,,,Unlabeled background point for prospectivity modeling; geology/terrain/spectral attributes NOT populated - see accompanying README,Generated grid (this session),
155,background_grid_0144,21.3,79.3,"synthetic_grid_point (real coordinates, not a documented locality)",,"MP/Maharashtra (Sausar belt corridor, district not assigned - no offline reverse geocoder available)",background_grid_point,background_unlabeled,,,,,,,,12.27,,,,,,,,,,,,,,,,,,,,,,,,,Unlabeled background point for prospectivity modeling; geology/terrain/spectral attributes NOT populated - see accompanying README,Generated grid (this session),
156,background_grid_0145,21.3,79.4,"synthetic_grid_point (real coordinates, not a documented locality)",,"MP/Maharashtra (Sausar belt corridor, district not assigned - no offline reverse geocoder available)",background_grid_point,background_unlabeled,,,,,,,,19.1,,,,,,,,,,,,,,,,,,,,,,,,,Unlabeled background point for prospectivity modeling; geology/terrain/spectral attributes NOT populated - see accompanying README,Generated grid (this session),
157,background_grid_0146,21.3,79.5,"synthetic_grid_point (real coordinates, not a documented locality)",,"MP/Maharashtra (Sausar belt corridor, district not assigned - no offline reverse geocoder available)",background_grid_point,background_unlabeled,,,,,,,,28.18,,,,,,,,,,,,,,,,,,,,,,,,,Unlabeled background point for prospectivity modeling; geology/terrain/spectral attributes NOT populated - see accompanying README,Generated grid (this session),
158,background_grid_0147,21.3,79.6,"synthetic_grid_point (real coordinates, not a documented locality)",,"MP/Maharashtra (Sausar belt corridor, district not assigned - no offline reverse geocoder available)",background_grid_point,background_unlabeled,,,,,,,,29.46,,,,,,,,,,,,,,,,,,,,,,,,,Unlabeled background point for prospectivity modeling; geology/terrain/spectral attributes NOT populated - see accompanying README,Generated grid (this session),
159,background_grid_0148,21.3,79.7,"synthetic_grid_point (real coordinates, not a documented locality)",,"MP/Maharashtra (Sausar belt corridor, district not assigned - no offline reverse geocoder available)",background_grid_point,background_unlabeled,,,,,,,,27.81,,,,,,,,,,,,,,,,,,,,,,,,,Unlabeled background point for prospectivity modeling; geology/terrain/spectral attributes NOT populated - see accompanying README,Generated grid (this session),
160,background_grid_0149,21.3,79.8,"synthetic_grid_point (real coordinates, not a documented locality)",,"MP/Maharashtra (Sausar belt corridor, district not assigned - no offline reverse geocoder available)",background_grid_point,background_unlabeled,,,,,,,,29.88,,,,,,,,,,,,,,,,,,,,,,,,,Unlabeled background point for prospectivity modeling; geology/terrain/spectral attributes NOT populated - see accompanying README,Generated grid (this session),
161,background_grid_0150,21.3,79.9,"synthetic_grid_point (real coordinates, not a documented locality)",,"MP/Maharashtra (Sausar belt corridor, district not assigned - no offline reverse geocoder available)",background_grid_point,background_unlabeled,,,,,,,,35.03,,,,,,,,,,,,,,,,,,,,,,,,,Unlabeled background point for prospectivity modeling; geology/terrain/spectral attributes NOT populated - see accompanying README,Generated grid (this session),
162,background_grid_0151,21.3,80.0,"synthetic_grid_point (real coordinates, not a documented locality)",,"MP/Maharashtra (Sausar belt corridor, district not assigned - no offline reverse geocoder available)",background_grid_point,background_unlabeled,,,,,,,,42.14,,,,,,,,,,,,,,,,,,,,,,,,,Unlabeled background point for prospectivity modeling; geology/terrain/spectral attributes NOT populated - see accompanying README,Generated grid (this session),
163,background_grid_0152,21.3,80.1,"synthetic_grid_point (real coordinates, not a documented locality)",,"MP/Maharashtra (Sausar belt corridor, district not assigned - no offline reverse geocoder available)",background_grid_point,background_unlabeled,,,,,,,,50.38,,,,,,,,,,,,,,,,,,,,,,,,,Unlabeled background point for prospectivity modeling; geology/terrain/spectral attributes NOT populated - see accompanying README,Generated grid (this session),
164,background_grid_0153,21.3,80.2,"synthetic_grid_point (real coordinates, not a documented locality)",,"MP/Maharashtra (Sausar belt corridor, district not assigned - no offline reverse geocoder available)",background_grid_point,background_unlabeled,,,,,,,,59.29,,,,,,,,,,,,,,,,,,,,,,,,,Unlabeled background point for prospectivity modeling; geology/terrain/spectral attributes NOT populated - see accompanying README,Generated grid (this session),
165,background_grid_0154,21.3,80.3,"synthetic_grid_point (real coordinates, not a documented locality)",,"MP/Maharashtra (Sausar belt corridor, district not assigned - no offline reverse geocoder available)",background_grid_point,background_unlabeled,,,,,,,,59.7,,,,,,,,,,,,,,,,,,,,,,,,,Unlabeled background point for prospectivity modeling; geology/terrain/spectral attributes NOT populated - see accompanying README,Generated grid (this session),
166,background_grid_0155,21.3,80.4,"synthetic_grid_point (real coordinates, not a documented locality)",,"MP/Maharashtra (Sausar belt corridor, district not assigned - no offline reverse geocoder available)",background_grid_point,background_unlabeled,,,,,,,,61.76,,,,,,,,,,,,,,,,,,,,,,,,,Unlabeled background point for prospectivity modeling; geology/terrain/spectral attributes NOT populated - see accompanying README,Generated grid (this session),
167,background_grid_0156,21.3,80.5,"synthetic_grid_point (real coordinates, not a documented locality)",,"MP/Maharashtra (Sausar belt corridor, district not assigned - no offline reverse geocoder available)",background_grid_point,background_unlabeled,,,,,,,,65.4,,,,,,,,,,,,,,,,,,,,,,,,,Unlabeled background point for prospectivity modeling; geology/terrain/spectral attributes NOT populated - see accompanying README,Generated grid (this session),
168,background_grid_0157,21.3,80.6,"synthetic_grid_point (real coordinates, not a documented locality)",,"MP/Maharashtra (Sausar belt corridor, district not assigned - no offline reverse geocoder available)",background_grid_point,background_unlabeled,,,,,,,,70.39,,,,,,,,,,,,,,,,,,,,,,,,,Unlabeled background point for prospectivity modeling; geology/terrain/spectral attributes NOT populated - see accompanying README,Generated grid (this session),
169,background_grid_0158,21.3,80.7,"synthetic_grid_point (real coordinates, not a documented locality)",,"MP/Maharashtra (Sausar belt corridor, district not assigned - no offline reverse geocoder available)",background_grid_point,background_unlabeled,,,,,,,,76.46,,,,,,,,,,,,,,,,,,,,,,,,,Unlabeled background point for prospectivity modeling; geology/terrain/spectral attributes NOT populated - see accompanying README,Generated grid (this session),
170,background_grid_0159,21.3,80.8,"synthetic_grid_point (real coordinates, not a documented locality)",,"MP/Maharashtra (Sausar belt corridor, district not assigned - no offline reverse geocoder available)",background_grid_point,background_unlabeled,,,,,,,,81.94,,,,,,,,,,,,,,,,,,,,,,,,,Unlabeled background point for prospectivity modeling; geology/terrain/spectral attributes NOT populated - see accompanying README,Generated grid (this session),
171,background_grid_0160,21.3,80.9,"synthetic_grid_point (real coordinates, not a documented locality)",,"MP/Maharashtra (Sausar belt corridor, district not assigned - no offline reverse geocoder available)",background_grid_point,background_unlabeled,,,,,,,,86.75,,,,,,,,,,,,,,,,,,,,,,,,,Unlabeled background point for prospectivity modeling; geology/terrain/spectral attributes NOT populated - see accompanying README,Generated grid (this session),
172,background_grid_0161,21.4,79.0,"synthetic_grid_point (real coordinates, not a documented locality)",,"MP/Maharashtra (Sausar belt corridor, district not assigned - no offline reverse geocoder available)",background_grid_point,background_unlabeled,,,,,,,,25.88,,,,,,,,,,,,,,,,,,,,,,,,,Unlabeled background point for prospectivity modeling; geology/terrain/spectral attributes NOT populated - see accompanying README,Generated grid (this session),
173,background_grid_0162,21.4,79.1,"synthetic_grid_point (real coordinates, not a documented locality)",,"MP/Maharashtra (Sausar belt corridor, district not assigned - no offline reverse geocoder available)",background_grid_point,background_unlabeled,,,,,,,,15.53,,,,,,,,,,,,,,,,,,,,,,,,,Unlabeled background point for prospectivity modeling; geology/terrain/spectral attributes NOT populated - see accompanying README,Generated grid (this session),
174,background_grid_0163,21.4,79.2,"synthetic_grid_point (real coordinates, not a documented locality)",,"MP/Maharashtra (Sausar belt corridor, district not assigned - no offline reverse geocoder available)",background_grid_point,background_unlabeled,,,,,,,,5.18,,,,,,,,,,,,,,,,,,,,,,,,,Unlabeled background point for prospectivity modeling; geology/terrain/spectral attributes NOT populated - see accompanying README,Generated grid (this session),
175,background_grid_0164,21.4,79.3,"synthetic_grid_point (real coordinates, not a documented locality)",,"MP/Maharashtra (Sausar belt corridor, district not assigned - no offline reverse geocoder available)",background_grid_point,background_unlabeled,,,,,,,,5.18,,,,,,,,,,,,,,,,,,,,,,,,,Unlabeled background point for prospectivity modeling; geology/terrain/spectral attributes NOT populated - see accompanying README,Generated grid (this session),
176,background_grid_0165,21.4,79.4,"synthetic_grid_point (real coordinates, not a documented locality)",,"MP/Maharashtra (Sausar belt corridor, district not assigned - no offline reverse geocoder available)",background_grid_point,background_unlabeled,,,,,,,,15.53,,,,,,,,,,,,,,,,,,,,,,,,,Unlabeled background point for prospectivity modeling; geology/terrain/spectral attributes NOT populated - see accompanying README,Generated grid (this session),
177,background_grid_0166,21.4,79.5,"synthetic_grid_point (real coordinates, not a documented locality)",,"MP/Maharashtra (Sausar belt corridor, district not assigned - no offline reverse geocoder available)",background_grid_point,background_unlabeled,,,,,,,,25.88,,,,,,,,,,,,,,,,,,,,,,,,,Unlabeled background point for prospectivity modeling; geology/terrain/spectral attributes NOT populated - see accompanying README,Generated grid (this session),
178,background_grid_0167,21.4,79.6,"synthetic_grid_point (real coordinates, not a documented locality)",,"MP/Maharashtra (Sausar belt corridor, district not assigned - no offline reverse geocoder available)",background_grid_point,background_unlabeled,,,,,,,,19.31,,,,,,,,,,,,,,,,,,,,,,,,,Unlabeled background point for prospectivity modeling; geology/terrain/spectral attributes NOT populated - see accompanying README,Generated grid (this session),
179,background_grid_0168,21.4,79.7,"synthetic_grid_point (real coordinates, not a documented locality)",,"MP/Maharashtra (Sausar belt corridor, district not assigned - no offline reverse geocoder available)",background_grid_point,background_unlabeled,,,,,,,,16.69,,,,,,,,,,,,,,,,,,,,,,,,,Unlabeled background point for prospectivity modeling; geology/terrain/spectral attributes NOT populated - see accompanying README,Generated grid (this session),
180,background_grid_0169,21.4,79.8,"synthetic_grid_point (real coordinates, not a documented locality)",,"MP/Maharashtra (Sausar belt corridor, district not assigned - no offline reverse geocoder available)",background_grid_point,background_unlabeled,,,,,,,,19.96,,,,,,,,,,,,,,,,,,,,,,,,,Unlabeled background point for prospectivity modeling; geology/terrain/spectral attributes NOT populated - see accompanying README,Generated grid (this session),
181,background_grid_0170,21.4,79.9,"synthetic_grid_point (real coordinates, not a documented locality)",,"MP/Maharashtra (Sausar belt corridor, district not assigned - no offline reverse geocoder available)",background_grid_point,background_unlabeled,,,,,,,,27.06,,,,,,,,,,,,,,,,,,,,,,,,,Unlabeled background point for prospectivity modeling; geology/terrain/spectral attributes NOT populated - see accompanying README,Generated grid (this session),
182,background_grid_0171,21.4,80.0,"synthetic_grid_point (real coordinates, not a documented locality)",,"MP/Maharashtra (Sausar belt corridor, district not assigned - no offline reverse geocoder available)",background_grid_point,background_unlabeled,,,,,,,,35.78,,,,,,,,,,,,,,,,,,,,,,,,,Unlabeled background point for prospectivity modeling; geology/terrain/spectral attributes NOT populated - see accompanying README,Generated grid (this session),
183,background_grid_0172,21.4,80.1,"synthetic_grid_point (real coordinates, not a documented locality)",,"MP/Maharashtra (Sausar belt corridor, district not assigned - no offline reverse geocoder available)",background_grid_point,background_unlabeled,,,,,,,,45.19,,,,,,,,,,,,,,,,,,,,,,,,,Unlabeled background point for prospectivity modeling; geology/terrain/spectral attributes NOT populated - see accompanying README,Generated grid (this session),
184,background_grid_0173,21.4,80.2,"synthetic_grid_point (real coordinates, not a documented locality)",,"MP/Maharashtra (Sausar belt corridor, district not assigned - no offline reverse geocoder available)",background_grid_point,background_unlabeled,,,,,,,,48.3,,,,,,,,,,,,,,,,,,,,,,,,,Unlabeled background point for prospectivity modeling; geology/terrain/spectral attributes NOT populated - see accompanying README,Generated grid (this session),
185,background_grid_0174,21.4,80.3,"synthetic_grid_point (real coordinates, not a documented locality)",,"MP/Maharashtra (Sausar belt corridor, district not assigned - no offline reverse geocoder available)",background_grid_point,background_unlabeled,,,,,,,,48.67,,,,,,,,,,,,,,,,,,,,,,,,,Unlabeled background point for prospectivity modeling; geology/terrain/spectral attributes NOT populated - see accompanying README,Generated grid (this session),
186,background_grid_0175,21.4,80.4,"synthetic_grid_point (real coordinates, not a documented locality)",,"MP/Maharashtra (Sausar belt corridor, district not assigned - no offline reverse geocoder available)",background_grid_point,background_unlabeled,,,,,,,,51.17,,,,,,,,,,,,,,,,,,,,,,,,,Unlabeled background point for prospectivity modeling; geology/terrain/spectral attributes NOT populated - see accompanying README,Generated grid (this session),
187,background_grid_0176,21.4,80.5,"synthetic_grid_point (real coordinates, not a documented locality)",,"MP/Maharashtra (Sausar belt corridor, district not assigned - no offline reverse geocoder available)",background_grid_point,background_unlabeled,,,,,,,,55.51,,,,,,,,,,,,,,,,,,,,,,,,,Unlabeled background point for prospectivity modeling; geology/terrain/spectral attributes NOT populated - see accompanying README,Generated grid (this session),
188,background_grid_0177,21.4,80.6,"synthetic_grid_point (real coordinates, not a documented locality)",,"MP/Maharashtra (Sausar belt corridor, district not assigned - no offline reverse geocoder available)",background_grid_point,background_unlabeled,,,,,,,,61.31,,,,,,,,,,,,,,,,,,,,,,,,,Unlabeled background point for prospectivity modeling; geology/terrain/spectral attributes NOT populated - see accompanying README,Generated grid (this session),
189,background_grid_0178,21.4,80.7,"synthetic_grid_point (real coordinates, not a documented locality)",,"MP/Maharashtra (Sausar belt corridor, district not assigned - no offline reverse geocoder available)",background_grid_point,background_unlabeled,,,,,,,,67.69,,,,,,,,,,,,,,,,,,,,,,,,,Unlabeled background point for prospectivity modeling; geology/terrain/spectral attributes NOT populated - see accompanying README,Generated grid (this session),
190,background_grid_0179,21.4,80.8,"synthetic_grid_point (real coordinates, not a documented locality)",,"MP/Maharashtra (Sausar belt corridor, district not assigned - no offline reverse geocoder available)",background_grid_point,background_unlabeled,,,,,,,,71.97,,,,,,,,,,,,,,,,,,,,,,,,,Unlabeled background point for prospectivity modeling; geology/terrain/spectral attributes NOT populated - see accompanying README,Generated grid (this session),
191,background_grid_0180,21.4,80.9,"synthetic_grid_point (real coordinates, not a documented locality)",,"MP/Maharashtra (Sausar belt corridor, district not assigned - no offline reverse geocoder available)",background_grid_point,background_unlabeled,,,,,,,,77.4,,,,,,,,,,,,,,,,,,,,,,,,,Unlabeled background point for prospectivity modeling; geology/terrain/spectral attributes NOT populated - see accompanying README,Generated grid (this session),
192,background_grid_0181,21.5,79.0,"synthetic_grid_point (real coordinates, not a documented locality)",,"MP/Maharashtra (Sausar belt corridor, district not assigned - no offline reverse geocoder available)",background_grid_point,background_unlabeled,,,,,,,,28.16,,,,,,,,,,,,,,,,,,,,,,,,,Unlabeled background point for prospectivity modeling; geology/terrain/spectral attributes NOT populated - see accompanying README,Generated grid (this session),
193,background_grid_0182,21.5,79.1,"synthetic_grid_point (real coordinates, not a documented locality)",,"MP/Maharashtra (Sausar belt corridor, district not assigned - no offline reverse geocoder available)",background_grid_point,background_unlabeled,,,,,,,,19.1,,,,,,,,,,,,,,,,,,,,,,,,,Unlabeled background point for prospectivity modeling; geology/terrain/spectral attributes NOT populated - see accompanying README,Generated grid (this session),
194,background_grid_0183,21.5,79.2,"synthetic_grid_point (real coordinates, not a documented locality)",,"MP/Maharashtra (Sausar belt corridor, district not assigned - no offline reverse geocoder available)",background_grid_point,background_unlabeled,,,,,,,,12.26,,,,,,,,,,,,,,,,,,,,,,,,,Unlabeled background point for prospectivity modeling; geology/terrain/spectral attributes NOT populated - see accompanying README,Generated grid (this session),
195,background_grid_0184,21.5,79.3,"synthetic_grid_point (real coordinates, not a documented locality)",,"MP/Maharashtra (Sausar belt corridor, district not assigned - no offline reverse geocoder available)",background_grid_point,background_unlabeled,,,,,,,,12.26,,,,,,,,,,,,,,,,,,,,,,,,,Unlabeled background point for prospectivity modeling; geology/terrain/spectral attributes NOT populated - see accompanying README,Generated grid (this session),
196,background_grid_0185,21.5,79.4,"synthetic_grid_point (real coordinates, not a documented locality)",,"MP/Maharashtra (Sausar belt corridor, district not assigned - no offline reverse geocoder available)",background_grid_point,background_unlabeled,,,,,,,,19.1,,,,,,,,,,,,,,,,,,,,,,,,,Unlabeled background point for prospectivity modeling; geology/terrain/spectral attributes NOT populated - see accompanying README,Generated grid (this session),
197,background_grid_0186,21.5,79.5,"synthetic_grid_point (real coordinates, not a documented locality)",,"MP/Maharashtra (Sausar belt corridor, district not assigned - no offline reverse geocoder available)",background_grid_point,background_unlabeled,,,,,,,,20.83,,,,,,,,,,,,,,,,,,,,,,,,,Unlabeled background point for prospectivity modeling; geology/terrain/spectral attributes NOT populated - see accompanying README,Generated grid (this session),
198,background_grid_0187,21.5,79.6,"synthetic_grid_point (real coordinates, not a documented locality)",,"MP/Maharashtra (Sausar belt corridor, district not assigned - no offline reverse geocoder available)",background_grid_point,background_unlabeled,,,,,,,,11.21,,,,,,,,,,,,,,,,,,,,,,,,,Unlabeled background point for prospectivity modeling; geology/terrain/spectral attributes NOT populated - see accompanying README,Generated grid (this session),
199,background_grid_0188,21.5,79.7,"synthetic_grid_point (real coordinates, not a documented locality)",,"MP/Maharashtra (Sausar belt corridor, district not assigned - no offline reverse geocoder available)",background_grid_point,background_unlabeled,,,,,,,,5.59,,,,,,,,,,,,,,,,,,,,,,,,,Unlabeled background point for prospectivity modeling; geology/terrain/spectral attributes NOT populated - see accompanying README,Generated grid (this session),
200,background_grid_0189,21.5,79.8,"synthetic_grid_point (real coordinates, not a documented locality)",,"MP/Maharashtra (Sausar belt corridor, district not assigned - no offline reverse geocoder available)",background_grid_point,background_unlabeled,,,,,,,,12.28,,,,,,,,,,,,,,,,,,,,,,,,,Unlabeled background point for prospectivity modeling; geology/terrain/spectral attributes NOT populated - see accompanying README,Generated grid (this session),
201,background_grid_0190,21.5,79.9,"synthetic_grid_point (real coordinates, not a documented locality)",,"MP/Maharashtra (Sausar belt corridor, district not assigned - no offline reverse geocoder available)",background_grid_point,background_unlabeled,,,,,,,,22.01,,,,,,,,,,,,,,,,,,,,,,,,,Unlabeled background point for prospectivity modeling; geology/terrain/spectral attributes NOT populated - see accompanying README,Generated grid (this session),
202,background_grid_0191,21.5,80.0,"synthetic_grid_point (real coordinates, not a documented locality)",,"MP/Maharashtra (Sausar belt corridor, district not assigned - no offline reverse geocoder available)",background_grid_point,background_unlabeled,,,,,,,,32.13,,,,,,,,,,,,,,,,,,,,,,,,,Unlabeled background point for prospectivity modeling; geology/terrain/spectral attributes NOT populated - see accompanying README,Generated grid (this session),
203,background_grid_0192,21.5,80.1,"synthetic_grid_point (real coordinates, not a documented locality)",,"MP/Maharashtra (Sausar belt corridor, district not assigned - no offline reverse geocoder available)",background_grid_point,background_unlabeled,,,,,,,,39.54,,,,,,,,,,,,,,,,,,,,,,,,,Unlabeled background point for prospectivity modeling; geology/terrain/spectral attributes NOT populated - see accompanying README,Generated grid (this session),
204,background_grid_0193,21.5,80.2,"synthetic_grid_point (real coordinates, not a documented locality)",,"MP/Maharashtra (Sausar belt corridor, district not assigned - no offline reverse geocoder available)",background_grid_point,background_unlabeled,,,,,,,,37.22,,,,,,,,,,,,,,,,,,,,,,,,,Unlabeled background point for prospectivity modeling; geology/terrain/spectral attributes NOT populated - see accompanying README,Generated grid (this session),
205,background_grid_0194,21.5,80.3,"synthetic_grid_point (real coordinates, not a documented locality)",,"MP/Maharashtra (Sausar belt corridor, district not assigned - no offline reverse geocoder available)",background_grid_point,background_unlabeled,,,,,,,,37.7,,,,,,,,,,,,,,,,,,,,,,,,,Unlabeled background point for prospectivity modeling; geology/terrain/spectral attributes NOT populated - see accompanying README,Generated grid (this session),
206,background_grid_0195,21.5,80.4,"synthetic_grid_point (real coordinates, not a documented locality)",,"MP/Maharashtra (Sausar belt corridor, district not assigned - no offline reverse geocoder available)",background_grid_point,background_unlabeled,,,,,,,,40.87,,,,,,,,,,,,,,,,,,,,,,,,,Unlabeled background point for prospectivity modeling; geology/terrain/spectral attributes NOT populated - see accompanying README,Generated grid (this session),
207,background_grid_0196,21.5,80.5,"synthetic_grid_point (real coordinates, not a documented locality)",,"MP/Maharashtra (Sausar belt corridor, district not assigned - no offline reverse geocoder available)",background_grid_point,background_unlabeled,,,,,,,,46.19,,,,,,,,,,,,,,,,,,,,,,,,,Unlabeled background point for prospectivity modeling; geology/terrain/spectral attributes NOT populated - see accompanying README,Generated grid (this session),
208,background_grid_0197,21.5,80.6,"synthetic_grid_point (real coordinates, not a documented locality)",,"MP/Maharashtra (Sausar belt corridor, district not assigned - no offline reverse geocoder available)",background_grid_point,background_unlabeled,,,,,,,,53.0,,,,,,,,,,,,,,,,,,,,,,,,,Unlabeled background point for prospectivity modeling; geology/terrain/spectral attributes NOT populated - see accompanying README,Generated grid (this session),
209,background_grid_0198,21.5,80.7,"synthetic_grid_point (real coordinates, not a documented locality)",,"MP/Maharashtra (Sausar belt corridor, district not assigned - no offline reverse geocoder available)",background_grid_point,background_unlabeled,,,,,,,,57.41,,,,,,,,,,,,,,,,,,,,,,,,,Unlabeled background point for prospectivity modeling; geology/terrain/spectral attributes NOT populated - see accompanying README,Generated grid (this session),
210,background_grid_0199,21.5,80.8,"synthetic_grid_point (real coordinates, not a documented locality)",,"MP/Maharashtra (Sausar belt corridor, district not assigned - no offline reverse geocoder available)",background_grid_point,background_unlabeled,,,,,,,,62.39,,,,,,,,,,,,,,,,,,,,,,,,,Unlabeled background point for prospectivity modeling; geology/terrain/spectral attributes NOT populated - see accompanying README,Generated grid (this session),
211,background_grid_0200,21.5,80.9,"synthetic_grid_point (real coordinates, not a documented locality)",,"MP/Maharashtra (Sausar belt corridor, district not assigned - no offline reverse geocoder available)",background_grid_point,background_unlabeled,,,,,,,,68.59,,,,,,,,,,,,,,,,,,,,,,,,,Unlabeled background point for prospectivity modeling; geology/terrain/spectral attributes NOT populated - see accompanying README,Generated grid (this session),
212,background_grid_0201,21.6,79.0,"synthetic_grid_point (real coordinates, not a documented locality)",,"MP/Maharashtra (Sausar belt corridor, district not assigned - no offline reverse geocoder available)",background_grid_point,background_unlabeled,,,,,,,,34.11,,,,,,,,,,,,,,,,,,,,,,,,,Unlabeled background point for prospectivity modeling; geology/terrain/spectral attributes NOT populated - see accompanying README,Generated grid (this session),
213,background_grid_0202,21.6,79.1,"synthetic_grid_point (real coordinates, not a documented locality)",,"MP/Maharashtra (Sausar belt corridor, district not assigned - no offline reverse geocoder available)",background_grid_point,background_unlabeled,,,,,,,,27.12,,,,,,,,,,,,,,,,,,,,,,,,,Unlabeled background point for prospectivity modeling; geology/terrain/spectral attributes NOT populated - see accompanying README,Generated grid (this session),
214,background_grid_0203,21.6,79.2,"synthetic_grid_point (real coordinates, not a documented locality)",,"MP/Maharashtra (Sausar belt corridor, district not assigned - no offline reverse geocoder available)",background_grid_point,background_unlabeled,,,,,,,,22.83,,,,,,,,,,,,,,,,,,,,,,,,,Unlabeled background point for prospectivity modeling; geology/terrain/spectral attributes NOT populated - see accompanying README,Generated grid (this session),
215,background_grid_0204,21.6,79.3,"synthetic_grid_point (real coordinates, not a documented locality)",,"MP/Maharashtra (Sausar belt corridor, district not assigned - no offline reverse geocoder available)",background_grid_point,background_unlabeled,,,,,,,,22.83,,,,,,,,,,,,,,,,,,,,,,,,,Unlabeled background point for prospectivity modeling; geology/terrain/spectral attributes NOT populated - see accompanying README,Generated grid (this session),
216,background_grid_0205,21.6,79.4,"synthetic_grid_point (real coordinates, not a documented locality)",,"MP/Maharashtra (Sausar belt corridor, district not assigned - no offline reverse geocoder available)",background_grid_point,background_unlabeled,,,,,,,,27.12,,,,,,,,,,,,,,,,,,,,,,,,,Unlabeled background point for prospectivity modeling; geology/terrain/spectral attributes NOT populated - see accompanying README,Generated grid (this session),
217,background_grid_0206,21.6,79.5,"synthetic_grid_point (real coordinates, not a documented locality)",,"MP/Maharashtra (Sausar belt corridor, district not assigned - no offline reverse geocoder available)",background_grid_point,background_unlabeled,,,,,,,,20.83,,,,,,,,,,,,,,,,,,,,,,,,,Unlabeled background point for prospectivity modeling; geology/terrain/spectral attributes NOT populated - see accompanying README,Generated grid (this session),
218,background_grid_0207,21.6,79.6,"synthetic_grid_point (real coordinates, not a documented locality)",,"MP/Maharashtra (Sausar belt corridor, district not assigned - no offline reverse geocoder available)",background_grid_point,background_unlabeled,,,,,,,,11.21,,,,,,,,,,,,,,,,,,,,,,,,,Unlabeled background point for prospectivity modeling; geology/terrain/spectral attributes NOT populated - see accompanying README,Generated grid (this session),
219,background_grid_0208,21.6,79.7,"synthetic_grid_point (real coordinates, not a documented locality)",,"MP/Maharashtra (Sausar belt corridor, district not assigned - no offline reverse geocoder available)",background_grid_point,background_unlabeled,,,,,,,,5.59,,,,,,,,,,,,,,,,,,,,,,,,,Unlabeled background point for prospectivity modeling; geology/terrain/spectral attributes NOT populated - see accompanying README,Generated grid (this session),
220,background_grid_0209,21.6,79.8,"synthetic_grid_point (real coordinates, not a documented locality)",,"MP/Maharashtra (Sausar belt corridor, district not assigned - no offline reverse geocoder available)",background_grid_point,background_unlabeled,,,,,,,,12.01,,,,,,,,,,,,,,,,,,,,,,,,,Unlabeled background point for prospectivity modeling; geology/terrain/spectral attributes NOT populated - see accompanying README,Generated grid (this session),
221,background_grid_0210,21.6,79.9,"synthetic_grid_point (real coordinates, not a documented locality)",,"MP/Maharashtra (Sausar belt corridor, district not assigned - no offline reverse geocoder available)",background_grid_point,background_unlabeled,,,,,,,,20.17,,,,,,,,,,,,,,,,,,,,,,,,,Unlabeled background point for prospectivity modeling; geology/terrain/spectral attributes NOT populated - see accompanying README,Generated grid (this session),
222,background_grid_0211,21.6,80.0,"synthetic_grid_point (real coordinates, not a documented locality)",,"MP/Maharashtra (Sausar belt corridor, district not assigned - no offline reverse geocoder available)",background_grid_point,background_unlabeled,,,,,,,,29.72,,,,,,,,,,,,,,,,,,,,,,,,,Unlabeled background point for prospectivity modeling; geology/terrain/spectral attributes NOT populated - see accompanying README,Generated grid (this session),
223,background_grid_0212,21.6,80.1,"synthetic_grid_point (real coordinates, not a documented locality)",,"MP/Maharashtra (Sausar belt corridor, district not assigned - no offline reverse geocoder available)",background_grid_point,background_unlabeled,,,,,,,,29.37,,,,,,,,,,,,,,,,,,,,,,,,,Unlabeled background point for prospectivity modeling; geology/terrain/spectral attributes NOT populated - see accompanying README,Generated grid (this session),
224,background_grid_0213,21.6,80.2,"synthetic_grid_point (real coordinates, not a documented locality)",,"MP/Maharashtra (Sausar belt corridor, district not assigned - no offline reverse geocoder available)",background_grid_point,background_unlabeled,,,,,,,,26.17,,,,,,,,,,,,,,,,,,,,,,,,,Unlabeled background point for prospectivity modeling; geology/terrain/spectral attributes NOT populated - see accompanying README,Generated grid (this session),
225,background_grid_0214,21.6,80.3,"synthetic_grid_point (real coordinates, not a documented locality)",,"MP/Maharashtra (Sausar belt corridor, district not assigned - no offline reverse geocoder available)",background_grid_point,background_unlabeled,,,,,,,,26.84,,,,,,,,,,,,,,,,,,,,,,,,,Unlabeled background point for prospectivity modeling; geology/terrain/spectral attributes NOT populated - see accompanying README,Generated grid (this session),
226,background_grid_0215,21.6,80.4,"synthetic_grid_point (real coordinates, not a documented locality)",,"MP/Maharashtra (Sausar belt corridor, district not assigned - no offline reverse geocoder available)",background_grid_point,background_unlabeled,,,,,,,,31.14,,,,,,,,,,,,,,,,,,,,,,,,,Unlabeled background point for prospectivity modeling; geology/terrain/spectral attributes NOT populated - see accompanying README,Generated grid (this session),
227,background_grid_0216,21.6,80.5,"synthetic_grid_point (real coordinates, not a documented locality)",,"MP/Maharashtra (Sausar belt corridor, district not assigned - no offline reverse geocoder available)",background_grid_point,background_unlabeled,,,,,,,,37.84,,,,,,,,,,,,,,,,,,,,,,,,,Unlabeled background point for prospectivity modeling; geology/terrain/spectral attributes NOT populated - see accompanying README,Generated grid (this session),
228,background_grid_0217,21.6,80.6,"synthetic_grid_point (real coordinates, not a documented locality)",,"MP/Maharashtra (Sausar belt corridor, district not assigned - no offline reverse geocoder available)",background_grid_point,background_unlabeled,,,,,,,,43.28,,,,,,,,,,,,,,,,,,,,,,,,,Unlabeled background point for prospectivity modeling; geology/terrain/spectral attributes NOT populated - see accompanying README,Generated grid (this session),
229,background_grid_0218,21.6,80.7,"synthetic_grid_point (real coordinates, not a documented locality)",,"MP/Maharashtra (Sausar belt corridor, district not assigned - no offline reverse geocoder available)",background_grid_point,background_unlabeled,,,,,,,,47.5,,,,,,,,,,,,,,,,,,,,,,,,,Unlabeled background point for prospectivity modeling; geology/terrain/spectral attributes NOT populated - see accompanying README,Generated grid (this session),
230,background_grid_0219,21.6,80.8,"synthetic_grid_point (real coordinates, not a documented locality)",,"MP/Maharashtra (Sausar belt corridor, district not assigned - no offline reverse geocoder available)",background_grid_point,background_unlabeled,,,,,,,,53.42,,,,,,,,,,,,,,,,,,,,,,,,,Unlabeled background point for prospectivity modeling; geology/terrain/spectral attributes NOT populated - see accompanying README,Generated grid (this session),
231,background_grid_0220,21.6,80.9,"synthetic_grid_point (real coordinates, not a documented locality)",,"MP/Maharashtra (Sausar belt corridor, district not assigned - no offline reverse geocoder available)",background_grid_point,background_unlabeled,,,,,,,,60.53,,,,,,,,,,,,,,,,,,,,,,,,,Unlabeled background point for prospectivity modeling; geology/terrain/spectral attributes NOT populated - see accompanying README,Generated grid (this session),
232,background_grid_0221,21.7,79.0,"synthetic_grid_point (real coordinates, not a documented locality)",,"MP/Maharashtra (Sausar belt corridor, district not assigned - no offline reverse geocoder available)",background_grid_point,background_unlabeled,,,,,,,,42.21,,,,,,,,,,,,,,,,,,,,,,,,,Unlabeled background point for prospectivity modeling; geology/terrain/spectral attributes NOT populated - see accompanying README,Generated grid (this session),
233,background_grid_0222,21.7,79.1,"synthetic_grid_point (real coordinates, not a documented locality)",,"MP/Maharashtra (Sausar belt corridor, district not assigned - no offline reverse geocoder available)",background_grid_point,background_unlabeled,,,,,,,,36.79,,,,,,,,,,,,,,,,,,,,,,,,,Unlabeled background point for prospectivity modeling; geology/terrain/spectral attributes NOT populated - see accompanying README,Generated grid (this session),
234,background_grid_0223,21.7,79.2,"synthetic_grid_point (real coordinates, not a documented locality)",,"MP/Maharashtra (Sausar belt corridor, district not assigned - no offline reverse geocoder available)",background_grid_point,background_unlabeled,,,,,,,,33.76,,,,,,,,,,,,,,,,,,,,,,,,,Unlabeled background point for prospectivity modeling; geology/terrain/spectral attributes NOT populated - see accompanying README,Generated grid (this session),
235,background_grid_0224,21.7,79.3,"synthetic_grid_point (real coordinates, not a documented locality)",,"MP/Maharashtra (Sausar belt corridor, district not assigned - no offline reverse geocoder available)",background_grid_point,background_unlabeled,,,,,,,,33.76,,,,,,,,,,,,,,,,,,,,,,,,,Unlabeled background point for prospectivity modeling; geology/terrain/spectral attributes NOT populated - see accompanying README,Generated grid (this session),
236,background_grid_0225,21.7,79.4,"synthetic_grid_point (real coordinates, not a documented locality)",,"MP/Maharashtra (Sausar belt corridor, district not assigned - no offline reverse geocoder available)",background_grid_point,background_unlabeled,,,,,,,,33.83,,,,,,,,,,,,,,,,,,,,,,,,,Unlabeled background point for prospectivity modeling; geology/terrain/spectral attributes NOT populated - see accompanying README,Generated grid (this session),
237,background_grid_0226,21.7,79.5,"synthetic_grid_point (real coordinates, not a documented locality)",,"MP/Maharashtra (Sausar belt corridor, district not assigned - no offline reverse geocoder available)",background_grid_point,background_unlabeled,,,,,,,,23.52,,,,,,,,,,,,,,,,,,,,,,,,,Unlabeled background point for prospectivity modeling; geology/terrain/spectral attributes NOT populated - see accompanying README,Generated grid (this session),
238,background_grid_0227,21.7,79.6,"synthetic_grid_point (real coordinates, not a documented locality)",,"MP/Maharashtra (Sausar belt corridor, district not assigned - no offline reverse geocoder available)",background_grid_point,background_unlabeled,,,,,,,,13.24,,,,,,,,,,,,,,,,,,,,,,,,,Unlabeled background point for prospectivity modeling; geology/terrain/spectral attributes NOT populated - see accompanying README,Generated grid (this session),
239,background_grid_0228,21.7,79.7,"synthetic_grid_point (real coordinates, not a documented locality)",,"MP/Maharashtra (Sausar belt corridor, district not assigned - no offline reverse geocoder available)",background_grid_point,background_unlabeled,,,,,,,,3.31,,,,,,,,,,,,,,,,,,,,,,,,,Unlabeled background point for prospectivity modeling; geology/terrain/spectral attributes NOT populated - see accompanying README,Generated grid (this session),
240,background_grid_0229,21.7,79.8,"synthetic_grid_point (real coordinates, not a documented locality)",,"MP/Maharashtra (Sausar belt corridor, district not assigned - no offline reverse geocoder available)",background_grid_point,background_unlabeled,,,,,,,,7.75,,,,,,,,,,,,,,,,,,,,,,,,,Unlabeled background point for prospectivity modeling; geology/terrain/spectral attributes NOT populated - see accompanying README,Generated grid (this session),
241,background_grid_0230,21.7,79.9,"synthetic_grid_point (real coordinates, not a documented locality)",,"MP/Maharashtra (Sausar belt corridor, district not assigned - no offline reverse geocoder available)",background_grid_point,background_unlabeled,,,,,,,,17.96,,,,,,,,,,,,,,,,,,,,,,,,,Unlabeled background point for prospectivity modeling; geology/terrain/spectral attributes NOT populated - see accompanying README,Generated grid (this session),
242,background_grid_0231,21.7,80.0,"synthetic_grid_point (real coordinates, not a documented locality)",,"MP/Maharashtra (Sausar belt corridor, district not assigned - no offline reverse geocoder available)",background_grid_point,background_unlabeled,,,,,,,,28.26,,,,,,,,,,,,,,,,,,,,,,,,,Unlabeled background point for prospectivity modeling; geology/terrain/spectral attributes NOT populated - see accompanying README,Generated grid (this session),
243,background_grid_0232,21.7,80.1,"synthetic_grid_point (real coordinates, not a documented locality)",,"MP/Maharashtra (Sausar belt corridor, district not assigned - no offline reverse geocoder available)",background_grid_point,background_unlabeled,,,,,,,,20.23,,,,,,,,,,,,,,,,,,,,,,,,,Unlabeled background point for prospectivity modeling; geology/terrain/spectral attributes NOT populated - see accompanying README,Generated grid (this session),
244,background_grid_0233,21.7,80.2,"synthetic_grid_point (real coordinates, not a documented locality)",,"MP/Maharashtra (Sausar belt corridor, district not assigned - no offline reverse geocoder available)",background_grid_point,background_unlabeled,,,,,,,,15.22,,,,,,,,,,,,,,,,,,,,,,,,,Unlabeled background point for prospectivity modeling; geology/terrain/spectral attributes NOT populated - see accompanying README,Generated grid (this session),
245,background_grid_0234,21.7,80.3,"synthetic_grid_point (real coordinates, not a documented locality)",,"MP/Maharashtra (Sausar belt corridor, district not assigned - no offline reverse geocoder available)",background_grid_point,background_unlabeled,,,,,,,,16.34,,,,,,,,,,,,,,,,,,,,,,,,,Unlabeled background point for prospectivity modeling; geology/terrain/spectral attributes NOT populated - see accompanying README,Generated grid (this session),
246,background_grid_0235,21.7,80.4,"synthetic_grid_point (real coordinates, not a documented locality)",,"MP/Maharashtra (Sausar belt corridor, district not assigned - no offline reverse geocoder available)",background_grid_point,background_unlabeled,,,,,,,,22.72,,,,,,,,,,,,,,,,,,,,,,,,,Unlabeled background point for prospectivity modeling; geology/terrain/spectral attributes NOT populated - see accompanying README,Generated grid (this session),
247,background_grid_0236,21.7,80.5,"synthetic_grid_point (real coordinates, not a documented locality)",,"MP/Maharashtra (Sausar belt corridor, district not assigned - no offline reverse geocoder available)",background_grid_point,background_unlabeled,,,,,,,,30.18,,,,,,,,,,,,,,,,,,,,,,,,,Unlabeled background point for prospectivity modeling; geology/terrain/spectral attributes NOT populated - see accompanying README,Generated grid (this session),
248,background_grid_0237,21.7,80.6,"synthetic_grid_point (real coordinates, not a documented locality)",,"MP/Maharashtra (Sausar belt corridor, district not assigned - no offline reverse geocoder available)",background_grid_point,background_unlabeled,,,,,,,,32.88,,,,,,,,,,,,,,,,,,,,,,,,,Unlabeled background point for prospectivity modeling; geology/terrain/spectral attributes NOT populated - see accompanying README,Generated grid (this session),
249,background_grid_0238,21.7,80.7,"synthetic_grid_point (real coordinates, not a documented locality)",,"MP/Maharashtra (Sausar belt corridor, district not assigned - no offline reverse geocoder available)",background_grid_point,background_unlabeled,,,,,,,,38.27,,,,,,,,,,,,,,,,,,,,,,,,,Unlabeled background point for prospectivity modeling; geology/terrain/spectral attributes NOT populated - see accompanying README,Generated grid (this session),
250,background_grid_0239,21.7,80.8,"synthetic_grid_point (real coordinates, not a documented locality)",,"MP/Maharashtra (Sausar belt corridor, district not assigned - no offline reverse geocoder available)",background_grid_point,background_unlabeled,,,,,,,,45.4,,,,,,,,,,,,,,,,,,,,,,,,,Unlabeled background point for prospectivity modeling; geology/terrain/spectral attributes NOT populated - see accompanying README,Generated grid (this session),
251,background_grid_0240,21.7,80.9,"synthetic_grid_point (real coordinates, not a documented locality)",,"MP/Maharashtra (Sausar belt corridor, district not assigned - no offline reverse geocoder available)",background_grid_point,background_unlabeled,,,,,,,,53.58,,,,,,,,,,,,,,,,,,,,,,,,,Unlabeled background point for prospectivity modeling; geology/terrain/spectral attributes NOT populated - see accompanying README,Generated grid (this session),
252,background_grid_0241,21.8,79.0,"synthetic_grid_point (real coordinates, not a documented locality)",,"MP/Maharashtra (Sausar belt corridor, district not assigned - no offline reverse geocoder available)",background_grid_point,background_unlabeled,,,,,,,,51.44,,,,,,,,,,,,,,,,,,,,,,,,,Unlabeled background point for prospectivity modeling; geology/terrain/spectral attributes NOT populated - see accompanying README,Generated grid (this session),
253,background_grid_0242,21.8,79.1,"synthetic_grid_point (real coordinates, not a documented locality)",,"MP/Maharashtra (Sausar belt corridor, district not assigned - no offline reverse geocoder available)",background_grid_point,background_unlabeled,,,,,,,,47.1,,,,,,,,,,,,,,,,,,,,,,,,,Unlabeled background point for prospectivity modeling; geology/terrain/spectral attributes NOT populated - see accompanying README,Generated grid (this session),
254,background_grid_0243,21.8,79.2,"synthetic_grid_point (real coordinates, not a documented locality)",,"MP/Maharashtra (Sausar belt corridor, district not assigned - no offline reverse geocoder available)",background_grid_point,background_unlabeled,,,,,,,,44.78,,,,,,,,,,,,,,,,,,,,,,,,,Unlabeled background point for prospectivity modeling; geology/terrain/spectral attributes NOT populated - see accompanying README,Generated grid (this session),
255,background_grid_0244,21.8,79.3,"synthetic_grid_point (real coordinates, not a documented locality)",,"MP/Maharashtra (Sausar belt corridor, district not assigned - no offline reverse geocoder available)",background_grid_point,background_unlabeled,,,,,,,,44.78,,,,,,,,,,,,,,,,,,,,,,,,,Unlabeled background point for prospectivity modeling; geology/terrain/spectral attributes NOT populated - see accompanying README,Generated grid (this session),
256,background_grid_0245,21.8,79.4,"synthetic_grid_point (real coordinates, not a documented locality)",,"MP/Maharashtra (Sausar belt corridor, district not assigned - no offline reverse geocoder available)",background_grid_point,background_unlabeled,,,,,,,,36.15,,,,,,,,,,,,,,,,,,,,,,,,,Unlabeled background point for prospectivity modeling; geology/terrain/spectral attributes NOT populated - see accompanying README,Generated grid (this session),
257,background_grid_0246,21.8,79.5,"synthetic_grid_point (real coordinates, not a documented locality)",,"MP/Maharashtra (Sausar belt corridor, district not assigned - no offline reverse geocoder available)",background_grid_point,background_unlabeled,,,,,,,,26.76,,,,,,,,,,,,,,,,,,,,,,,,,Unlabeled background point for prospectivity modeling; geology/terrain/spectral attributes NOT populated - see accompanying README,Generated grid (this session),
258,background_grid_0247,21.8,79.6,"synthetic_grid_point (real coordinates, not a documented locality)",,"MP/Maharashtra (Sausar belt corridor, district not assigned - no offline reverse geocoder available)",background_grid_point,background_unlabeled,,,,,,,,18.4,,,,,,,,,,,,,,,,,,,,,,,,,Unlabeled background point for prospectivity modeling; geology/terrain/spectral attributes NOT populated - see accompanying README,Generated grid (this session),
259,background_grid_0248,21.8,79.7,"synthetic_grid_point (real coordinates, not a documented locality)",,"MP/Maharashtra (Sausar belt corridor, district not assigned - no offline reverse geocoder available)",background_grid_point,background_unlabeled,,,,,,,,13.2,,,,,,,,,,,,,,,,,,,,,,,,,Unlabeled background point for prospectivity modeling; geology/terrain/spectral attributes NOT populated - see accompanying README,Generated grid (this session),
260,background_grid_0249,21.8,79.8,"synthetic_grid_point (real coordinates, not a documented locality)",,"MP/Maharashtra (Sausar belt corridor, district not assigned - no offline reverse geocoder available)",background_grid_point,background_unlabeled,,,,,,,,14.94,,,,,,,,,,,,,,,,,,,,,,,,,Unlabeled background point for prospectivity modeling; geology/terrain/spectral attributes NOT populated - see accompanying README,Generated grid (this session),
261,background_grid_0250,21.8,79.9,"synthetic_grid_point (real coordinates, not a documented locality)",,"MP/Maharashtra (Sausar belt corridor, district not assigned - no offline reverse geocoder available)",background_grid_point,background_unlabeled,,,,,,,,22.04,,,,,,,,,,,,,,,,,,,,,,,,,Unlabeled background point for prospectivity modeling; geology/terrain/spectral attributes NOT populated - see accompanying README,Generated grid (this session),
262,background_grid_0251,21.8,80.0,"synthetic_grid_point (real coordinates, not a documented locality)",,"MP/Maharashtra (Sausar belt corridor, district not assigned - no offline reverse geocoder available)",background_grid_point,background_unlabeled,,,,,,,,24.27,,,,,,,,,,,,,,,,,,,,,,,,,Unlabeled background point for prospectivity modeling; geology/terrain/spectral attributes NOT populated - see accompanying README,Generated grid (this session),
263,background_grid_0252,21.8,80.1,"synthetic_grid_point (real coordinates, not a documented locality)",,"MP/Maharashtra (Sausar belt corridor, district not assigned - no offline reverse geocoder available)",background_grid_point,background_unlabeled,,,,,,,,14.25,,,,,,,,,,,,,,,,,,,,,,,,,Unlabeled background point for prospectivity modeling; geology/terrain/spectral attributes NOT populated - see accompanying README,Generated grid (this session),
264,background_grid_0253,21.8,80.2,"synthetic_grid_point (real coordinates, not a documented locality)",,"MP/Maharashtra (Sausar belt corridor, district not assigned - no offline reverse geocoder available)",background_grid_point,background_unlabeled,,,,,,,,5.05,,,,,,,,,,,,,,,,,,,,,,,,,Unlabeled background point for prospectivity modeling; geology/terrain/spectral attributes NOT populated - see accompanying README,Generated grid (this session),
265,background_grid_0254,21.8,80.3,"synthetic_grid_point (real coordinates, not a documented locality)",,"MP/Maharashtra (Sausar belt corridor, district not assigned - no offline reverse geocoder available)",background_grid_point,background_unlabeled,,,,,,,,7.82,,,,,,,,,,,,,,,,,,,,,,,,,Unlabeled background point for prospectivity modeling; geology/terrain/spectral attributes NOT populated - see accompanying README,Generated grid (this session),
266,background_grid_0255,21.8,80.4,"synthetic_grid_point (real coordinates, not a documented locality)",,"MP/Maharashtra (Sausar belt corridor, district not assigned - no offline reverse geocoder available)",background_grid_point,background_unlabeled,,,,,,,,17.6,,,,,,,,,,,,,,,,,,,,,,,,,Unlabeled background point for prospectivity modeling; geology/terrain/spectral attributes NOT populated - see accompanying README,Generated grid (this session),
267,background_grid_0256,21.8,80.5,"synthetic_grid_point (real coordinates, not a documented locality)",,"MP/Maharashtra (Sausar belt corridor, district not assigned - no offline reverse geocoder available)",background_grid_point,background_unlabeled,,,,,,,,19.15,,,,,,,,,,,,,,,,,,,,,,,,,Unlabeled background point for prospectivity modeling; geology/terrain/spectral attributes NOT populated - see accompanying README,Generated grid (this session),
268,background_grid_0257,21.8,80.6,"synthetic_grid_point (real coordinates, not a documented locality)",,"MP/Maharashtra (Sausar belt corridor, district not assigned - no offline reverse geocoder available)",background_grid_point,background_unlabeled,,,,,,,,23.18,,,,,,,,,,,,,,,,,,,,,,,,,Unlabeled background point for prospectivity modeling; geology/terrain/spectral attributes NOT populated - see accompanying README,Generated grid (this session),
269,background_grid_0258,21.8,80.7,"synthetic_grid_point (real coordinates, not a documented locality)",,"MP/Maharashtra (Sausar belt corridor, district not assigned - no offline reverse geocoder available)",background_grid_point,background_unlabeled,,,,,,,,30.34,,,,,,,,,,,,,,,,,,,,,,,,,Unlabeled background point for prospectivity modeling; geology/terrain/spectral attributes NOT populated - see accompanying README,Generated grid (this session),
270,background_grid_0259,21.8,80.8,"synthetic_grid_point (real coordinates, not a documented locality)",,"MP/Maharashtra (Sausar belt corridor, district not assigned - no offline reverse geocoder available)",background_grid_point,background_unlabeled,,,,,,,,38.95,,,,,,,,,,,,,,,,,,,,,,,,,Unlabeled background point for prospectivity modeling; geology/terrain/spectral attributes NOT populated - see accompanying README,Generated grid (this session),
271,background_grid_0260,21.8,80.9,"synthetic_grid_point (real coordinates, not a documented locality)",,"MP/Maharashtra (Sausar belt corridor, district not assigned - no offline reverse geocoder available)",background_grid_point,background_unlabeled,,,,,,,,48.23,,,,,,,,,,,,,,,,,,,,,,,,,Unlabeled background point for prospectivity modeling; geology/terrain/spectral attributes NOT populated - see accompanying README,Generated grid (this session),
272,background_grid_0261,21.9,79.0,"synthetic_grid_point (real coordinates, not a documented locality)",,"MP/Maharashtra (Sausar belt corridor, district not assigned - no offline reverse geocoder available)",background_grid_point,background_unlabeled,,,,,,,,61.31,,,,,,,,,,,,,,,,,,,,,,,,,Unlabeled background point for prospectivity modeling; geology/terrain/spectral attributes NOT populated - see accompanying README,Generated grid (this session),
273,background_grid_0262,21.9,79.1,"synthetic_grid_point (real coordinates, not a documented locality)",,"MP/Maharashtra (Sausar belt corridor, district not assigned - no offline reverse geocoder available)",background_grid_point,background_unlabeled,,,,,,,,57.72,,,,,,,,,,,,,,,,,,,,,,,,,Unlabeled background point for prospectivity modeling; geology/terrain/spectral attributes NOT populated - see accompanying README,Generated grid (this session),
274,background_grid_0263,21.9,79.2,"synthetic_grid_point (real coordinates, not a documented locality)",,"MP/Maharashtra (Sausar belt corridor, district not assigned - no offline reverse geocoder available)",background_grid_point,background_unlabeled,,,,,,,,55.84,,,,,,,,,,,,,,,,,,,,,,,,,Unlabeled background point for prospectivity modeling; geology/terrain/spectral attributes NOT populated - see accompanying README,Generated grid (this session),
275,background_grid_0264,21.9,79.3,"synthetic_grid_point (real coordinates, not a documented locality)",,"MP/Maharashtra (Sausar belt corridor, district not assigned - no offline reverse geocoder available)",background_grid_point,background_unlabeled,,,,,,,,50.21,,,,,,,,,,,,,,,,,,,,,,,,,Unlabeled background point for prospectivity modeling; geology/terrain/spectral attributes NOT populated - see accompanying README,Generated grid (this session),
276,background_grid_0265,21.9,79.4,"synthetic_grid_point (real coordinates, not a documented locality)",,"MP/Maharashtra (Sausar belt corridor, district not assigned - no offline reverse geocoder available)",background_grid_point,background_unlabeled,,,,,,,,41.43,,,,,,,,,,,,,,,,,,,,,,,,,Unlabeled background point for prospectivity modeling; geology/terrain/spectral attributes NOT populated - see accompanying README,Generated grid (this session),
277,background_grid_0266,21.9,79.5,"synthetic_grid_point (real coordinates, not a documented locality)",,"MP/Maharashtra (Sausar belt corridor, district not assigned - no offline reverse geocoder available)",background_grid_point,background_unlabeled,,,,,,,,33.56,,,,,,,,,,,,,,,,,,,,,,,,,Unlabeled background point for prospectivity modeling; geology/terrain/spectral attributes NOT populated - see accompanying README,Generated grid (this session),
278,background_grid_0267,21.9,79.6,"synthetic_grid_point (real coordinates, not a documented locality)",,"MP/Maharashtra (Sausar belt corridor, district not assigned - no offline reverse geocoder available)",background_grid_point,background_unlabeled,,,,,,,,27.36,,,,,,,,,,,,,,,,,,,,,,,,,Unlabeled background point for prospectivity modeling; geology/terrain/spectral attributes NOT populated - see accompanying README,Generated grid (this session),
279,background_grid_0268,21.9,79.7,"synthetic_grid_point (real coordinates, not a documented locality)",,"MP/Maharashtra (Sausar belt corridor, district not assigned - no offline reverse geocoder available)",background_grid_point,background_unlabeled,,,,,,,,24.18,,,,,,,,,,,,,,,,,,,,,,,,,Unlabeled background point for prospectivity modeling; geology/terrain/spectral attributes NOT populated - see accompanying README,Generated grid (this session),
280,background_grid_0269,21.9,79.8,"synthetic_grid_point (real coordinates, not a documented locality)",,"MP/Maharashtra (Sausar belt corridor, district not assigned - no offline reverse geocoder available)",background_grid_point,background_unlabeled,,,,,,,,25.17,,,,,,,,,,,,,,,,,,,,,,,,,Unlabeled background point for prospectivity modeling; geology/terrain/spectral attributes NOT populated - see accompanying README,Generated grid (this session),
281,background_grid_0270,21.9,79.9,"synthetic_grid_point (real coordinates, not a documented locality)",,"MP/Maharashtra (Sausar belt corridor, district not assigned - no offline reverse geocoder available)",background_grid_point,background_unlabeled,,,,,,,,29.93,,,,,,,,,,,,,,,,,,,,,,,,,Unlabeled background point for prospectivity modeling; geology/terrain/spectral attributes NOT populated - see accompanying README,Generated grid (this session),
282,background_grid_0271,21.9,80.0,"synthetic_grid_point (real coordinates, not a documented locality)",,"MP/Maharashtra (Sausar belt corridor, district not assigned - no offline reverse geocoder available)",background_grid_point,background_unlabeled,,,,,,,,24.76,,,,,,,,,,,,,,,,,,,,,,,,,Unlabeled background point for prospectivity modeling; geology/terrain/spectral attributes NOT populated - see accompanying README,Generated grid (this session),
283,background_grid_0272,21.9,80.1,"synthetic_grid_point (real coordinates, not a documented locality)",,"MP/Maharashtra (Sausar belt corridor, district not assigned - no offline reverse geocoder available)",background_grid_point,background_unlabeled,,,,,,,,15.08,,,,,,,,,,,,,,,,,,,,,,,,,Unlabeled background point for prospectivity modeling; geology/terrain/spectral attributes NOT populated - see accompanying README,Generated grid (this session),
284,background_grid_0273,21.9,80.2,"synthetic_grid_point (real coordinates, not a documented locality)",,"MP/Maharashtra (Sausar belt corridor, district not assigned - no offline reverse geocoder available)",background_grid_point,background_unlabeled,,,,,,,,7.4,,,,,,,,,,,,,,,,,,,,,,,,,Unlabeled background point for prospectivity modeling; geology/terrain/spectral attributes NOT populated - see accompanying README,Generated grid (this session),
285,background_grid_0274,21.9,80.3,"synthetic_grid_point (real coordinates, not a documented locality)",,"MP/Maharashtra (Sausar belt corridor, district not assigned - no offline reverse geocoder available)",background_grid_point,background_unlabeled,,,,,,,,9.75,,,,,,,,,,,,,,,,,,,,,,,,,Unlabeled background point for prospectivity modeling; geology/terrain/spectral attributes NOT populated - see accompanying README,Generated grid (this session),
286,background_grid_0275,21.9,80.4,"synthetic_grid_point (real coordinates, not a documented locality)",,"MP/Maharashtra (Sausar belt corridor, district not assigned - no offline reverse geocoder available)",background_grid_point,background_unlabeled,,,,,,,,10.62,,,,,,,,,,,,,,,,,,,,,,,,,Unlabeled background point for prospectivity modeling; geology/terrain/spectral attributes NOT populated - see accompanying README,Generated grid (this session),
287,background_grid_0276,21.9,80.5,"synthetic_grid_point (real coordinates, not a documented locality)",,"MP/Maharashtra (Sausar belt corridor, district not assigned - no offline reverse geocoder available)",background_grid_point,background_unlabeled,,,,,,,,8.38,,,,,,,,,,,,,,,,,,,,,,,,,Unlabeled background point for prospectivity modeling; geology/terrain/spectral attributes NOT populated - see accompanying README,Generated grid (this session),
288,background_grid_0277,21.9,80.6,"synthetic_grid_point (real coordinates, not a documented locality)",,"MP/Maharashtra (Sausar belt corridor, district not assigned - no offline reverse geocoder available)",background_grid_point,background_unlabeled,,,,,,,,15.5,,,,,,,,,,,,,,,,,,,,,,,,,Unlabeled background point for prospectivity modeling; geology/terrain/spectral attributes NOT populated - see accompanying README,Generated grid (this session),
289,background_grid_0278,21.9,80.7,"synthetic_grid_point (real coordinates, not a documented locality)",,"MP/Maharashtra (Sausar belt corridor, district not assigned - no offline reverse geocoder available)",background_grid_point,background_unlabeled,,,,,,,,24.97,,,,,,,,,,,,,,,,,,,,,,,,,Unlabeled background point for prospectivity modeling; geology/terrain/spectral attributes NOT populated - see accompanying README,Generated grid (this session),
290,background_grid_0279,21.9,80.8,"synthetic_grid_point (real coordinates, not a documented locality)",,"MP/Maharashtra (Sausar belt corridor, district not assigned - no offline reverse geocoder available)",background_grid_point,background_unlabeled,,,,,,,,34.92,,,,,,,,,,,,,,,,,,,,,,,,,Unlabeled background point for prospectivity modeling; geology/terrain/spectral attributes NOT populated - see accompanying README,Generated grid (this session),
291,background_grid_0280,21.9,80.9,"synthetic_grid_point (real coordinates, not a documented locality)",,"MP/Maharashtra (Sausar belt corridor, district not assigned - no offline reverse geocoder available)",background_grid_point,background_unlabeled,,,,,,,,45.03,,,,,,,,,,,,,,,,,,,,,,,,,Unlabeled background point for prospectivity modeling; geology/terrain/spectral attributes NOT populated - see accompanying README,Generated grid (this session),
292,background_grid_0281,22.0,79.0,"synthetic_grid_point (real coordinates, not a documented locality)",,"MP/Maharashtra (Sausar belt corridor, district not assigned - no offline reverse geocoder available)",background_grid_point,background_unlabeled,,,,,,,,71.54,,,,,,,,,,,,,,,,,,,,,,,,,Unlabeled background point for prospectivity modeling; geology/terrain/spectral attributes NOT populated - see accompanying README,Generated grid (this session),
293,background_grid_0282,22.0,79.1,"synthetic_grid_point (real coordinates, not a documented locality)",,"MP/Maharashtra (Sausar belt corridor, district not assigned - no offline reverse geocoder available)",background_grid_point,background_unlabeled,,,,,,,,68.49,,,,,,,,,,,,,,,,,,,,,,,,,Unlabeled background point for prospectivity modeling; geology/terrain/spectral attributes NOT populated - see accompanying README,Generated grid (this session),
294,background_grid_0283,22.0,79.2,"synthetic_grid_point (real coordinates, not a documented locality)",,"MP/Maharashtra (Sausar belt corridor, district not assigned - no offline reverse geocoder available)",background_grid_point,background_unlabeled,,,,,,,,64.76,,,,,,,,,,,,,,,,,,,,,,,,,Unlabeled background point for prospectivity modeling; geology/terrain/spectral attributes NOT populated - see accompanying README,Generated grid (this session),
295,background_grid_0284,22.0,79.3,"synthetic_grid_point (real coordinates, not a documented locality)",,"MP/Maharashtra (Sausar belt corridor, district not assigned - no offline reverse geocoder available)",background_grid_point,background_unlabeled,,,,,,,,56.36,,,,,,,,,,,,,,,,,,,,,,,,,Unlabeled background point for prospectivity modeling; geology/terrain/spectral attributes NOT populated - see accompanying README,Generated grid (this session),
296,background_grid_0285,22.0,79.4,"synthetic_grid_point (real coordinates, not a documented locality)",,"MP/Maharashtra (Sausar belt corridor, district not assigned - no offline reverse geocoder available)",background_grid_point,background_unlabeled,,,,,,,,48.72,,,,,,,,,,,,,,,,,,,,,,,,,Unlabeled background point for prospectivity modeling; geology/terrain/spectral attributes NOT populated - see accompanying README,Generated grid (this session),
297,background_grid_0286,22.0,79.5,"synthetic_grid_point (real coordinates, not a documented locality)",,"MP/Maharashtra (Sausar belt corridor, district not assigned - no offline reverse geocoder available)",background_grid_point,background_unlabeled,,,,,,,,42.23,,,,,,,,,,,,,,,,,,,,,,,,,Unlabeled background point for prospectivity modeling; geology/terrain/spectral attributes NOT populated - see accompanying README,Generated grid (this session),
298,background_grid_0287,22.0,79.6,"synthetic_grid_point (real coordinates, not a documented locality)",,"MP/Maharashtra (Sausar belt corridor, district not assigned - no offline reverse geocoder available)",background_grid_point,background_unlabeled,,,,,,,,37.5,,,,,,,,,,,,,,,,,,,,,,,,,Unlabeled background point for prospectivity modeling; geology/terrain/spectral attributes NOT populated - see accompanying README,Generated grid (this session),
299,background_grid_0288,22.0,79.7,"synthetic_grid_point (real coordinates, not a documented locality)",,"MP/Maharashtra (Sausar belt corridor, district not assigned - no offline reverse geocoder available)",background_grid_point,background_unlabeled,,,,,,,,35.25,,,,,,,,,,,,,,,,,,,,,,,,,Unlabeled background point for prospectivity modeling; geology/terrain/spectral attributes NOT populated - see accompanying README,Generated grid (this session),
300,background_grid_0289,22.0,79.8,"synthetic_grid_point (real coordinates, not a documented locality)",,"MP/Maharashtra (Sausar belt corridor, district not assigned - no offline reverse geocoder available)",background_grid_point,background_unlabeled,,,,,,,,35.94,,,,,,,,,,,,,,,,,,,,,,,,,Unlabeled background point for prospectivity modeling; geology/terrain/spectral attributes NOT populated - see accompanying README,Generated grid (this session),
301,background_grid_0290,22.0,79.9,"synthetic_grid_point (real coordinates, not a documented locality)",,"MP/Maharashtra (Sausar belt corridor, district not assigned - no offline reverse geocoder available)",background_grid_point,background_unlabeled,,,,,,,,38.51,,,,,,,,,,,,,,,,,,,,,,,,,Unlabeled background point for prospectivity modeling; geology/terrain/spectral attributes NOT populated - see accompanying README,Generated grid (this session),
302,background_grid_0291,22.0,80.0,"synthetic_grid_point (real coordinates, not a documented locality)",,"MP/Maharashtra (Sausar belt corridor, district not assigned - no offline reverse geocoder available)",background_grid_point,background_unlabeled,,,,,,,,29.75,,,,,,,,,,,,,,,,,,,,,,,,,Unlabeled background point for prospectivity modeling; geology/terrain/spectral attributes NOT populated - see accompanying README,Generated grid (this session),
303,background_grid_0292,22.0,80.1,"synthetic_grid_point (real coordinates, not a documented locality)",,"MP/Maharashtra (Sausar belt corridor, district not assigned - no offline reverse geocoder available)",background_grid_point,background_unlabeled,,,,,,,,22.35,,,,,,,,,,,,,,,,,,,,,,,,,Unlabeled background point for prospectivity modeling; geology/terrain/spectral attributes NOT populated - see accompanying README,Generated grid (this session),
304,background_grid_0293,22.0,80.2,"synthetic_grid_point (real coordinates, not a documented locality)",,"MP/Maharashtra (Sausar belt corridor, district not assigned - no offline reverse geocoder available)",background_grid_point,background_unlabeled,,,,,,,,18.08,,,,,,,,,,,,,,,,,,,,,,,,,Unlabeled background point for prospectivity modeling; geology/terrain/spectral attributes NOT populated - see accompanying README,Generated grid (this session),
305,background_grid_0294,22.0,80.3,"synthetic_grid_point (real coordinates, not a documented locality)",,"MP/Maharashtra (Sausar belt corridor, district not assigned - no offline reverse geocoder available)",background_grid_point,background_unlabeled,,,,,,,,17.84,,,,,,,,,,,,,,,,,,,,,,,,,Unlabeled background point for prospectivity modeling; geology/terrain/spectral attributes NOT populated - see accompanying README,Generated grid (this session),
306,background_grid_0295,22.0,80.4,"synthetic_grid_point (real coordinates, not a documented locality)",,"MP/Maharashtra (Sausar belt corridor, district not assigned - no offline reverse geocoder available)",background_grid_point,background_unlabeled,,,,,,,,7.95,,,,,,,,,,,,,,,,,,,,,,,,,Unlabeled background point for prospectivity modeling; geology/terrain/spectral attributes NOT populated - see accompanying README,Generated grid (this session),
307,background_grid_0296,22.0,80.5,"synthetic_grid_point (real coordinates, not a documented locality)",,"MP/Maharashtra (Sausar belt corridor, district not assigned - no offline reverse geocoder available)",background_grid_point,background_unlabeled,,,,,,,,4.55,,,,,,,,,,,,,,,,,,,,,,,,,Unlabeled background point for prospectivity modeling; geology/terrain/spectral attributes NOT populated - see accompanying README,Generated grid (this session),
308,background_grid_0297,22.0,80.6,"synthetic_grid_point (real coordinates, not a documented locality)",,"MP/Maharashtra (Sausar belt corridor, district not assigned - no offline reverse geocoder available)",background_grid_point,background_unlabeled,,,,,,,,13.81,,,,,,,,,,,,,,,,,,,,,,,,,Unlabeled background point for prospectivity modeling; geology/terrain/spectral attributes NOT populated - see accompanying README,Generated grid (this session),
309,background_grid_0298,22.0,80.7,"synthetic_grid_point (real coordinates, not a documented locality)",,"MP/Maharashtra (Sausar belt corridor, district not assigned - no offline reverse geocoder available)",background_grid_point,background_unlabeled,,,,,,,,23.95,,,,,,,,,,,,,,,,,,,,,,,,,Unlabeled background point for prospectivity modeling; geology/terrain/spectral attributes NOT populated - see accompanying README,Generated grid (this session),
310,background_grid_0299,22.0,80.8,"synthetic_grid_point (real coordinates, not a documented locality)",,"MP/Maharashtra (Sausar belt corridor, district not assigned - no offline reverse geocoder available)",background_grid_point,background_unlabeled,,,,,,,,34.19,,,,,,,,,,,,,,,,,,,,,,,,,Unlabeled background point for prospectivity modeling; geology/terrain/spectral attributes NOT populated - see accompanying README,Generated grid (this session),
311,background_grid_0300,22.0,80.9,"synthetic_grid_point (real coordinates, not a documented locality)",,"MP/Maharashtra (Sausar belt corridor, district not assigned - no offline reverse geocoder available)",background_grid_point,background_unlabeled,,,,,,,,44.46,,,,,,,,,,,,,,,,,,,,,,,,,Unlabeled background point for prospectivity modeling; geology/terrain/spectral attributes NOT populated - see accompanying README,Generated grid (this session),
312,background_grid_0301,22.1,79.0,"synthetic_grid_point (real coordinates, not a documented locality)",,"MP/Maharashtra (Sausar belt corridor, district not assigned - no offline reverse geocoder available)",background_grid_point,background_unlabeled,,,,,,,,82.01,,,,,,,,,,,,,,,,,,,,,,,,,Unlabeled background point for prospectivity modeling; geology/terrain/spectral attributes NOT populated - see accompanying README,Generated grid (this session),
313,background_grid_0302,22.1,79.1,"synthetic_grid_point (real coordinates, not a documented locality)",,"MP/Maharashtra (Sausar belt corridor, district not assigned - no offline reverse geocoder available)",background_grid_point,background_unlabeled,,,,,,,,79.36,,,,,,,,,,,,,,,,,,,,,,,,,Unlabeled background point for prospectivity modeling; geology/terrain/spectral attributes NOT populated - see accompanying README,Generated grid (this session),
314,background_grid_0303,22.1,79.2,"synthetic_grid_point (real coordinates, not a documented locality)",,"MP/Maharashtra (Sausar belt corridor, district not assigned - no offline reverse geocoder available)",background_grid_point,background_unlabeled,,,,,,,,71.39,,,,,,,,,,,,,,,,,,,,,,,,,Unlabeled background point for prospectivity modeling; geology/terrain/spectral attributes NOT populated - see accompanying README,Generated grid (this session),
315,background_grid_0304,22.1,79.3,"synthetic_grid_point (real coordinates, not a documented locality)",,"MP/Maharashtra (Sausar belt corridor, district not assigned - no offline reverse geocoder available)",background_grid_point,background_unlabeled,,,,,,,,63.88,,,,,,,,,,,,,,,,,,,,,,,,,Unlabeled background point for prospectivity modeling; geology/terrain/spectral attributes NOT populated - see accompanying README,Generated grid (this session),
316,background_grid_0305,22.1,79.4,"synthetic_grid_point (real coordinates, not a documented locality)",,"MP/Maharashtra (Sausar belt corridor, district not assigned - no offline reverse geocoder available)",background_grid_point,background_unlabeled,,,,,,,,57.25,,,,,,,,,,,,,,,,,,,,,,,,,Unlabeled background point for prospectivity modeling; geology/terrain/spectral attributes NOT populated - see accompanying README,Generated grid (this session),
317,background_grid_0306,22.1,79.5,"synthetic_grid_point (real coordinates, not a documented locality)",,"MP/Maharashtra (Sausar belt corridor, district not assigned - no offline reverse geocoder available)",background_grid_point,background_unlabeled,,,,,,,,51.85,,,,,,,,,,,,,,,,,,,,,,,,,Unlabeled background point for prospectivity modeling; geology/terrain/spectral attributes NOT populated - see accompanying README,Generated grid (this session),
318,background_grid_0307,22.1,79.6,"synthetic_grid_point (real coordinates, not a documented locality)",,"MP/Maharashtra (Sausar belt corridor, district not assigned - no offline reverse geocoder available)",background_grid_point,background_unlabeled,,,,,,,,48.08,,,,,,,,,,,,,,,,,,,,,,,,,Unlabeled background point for prospectivity modeling; geology/terrain/spectral attributes NOT populated - see accompanying README,Generated grid (this session),
319,background_grid_0308,22.1,79.7,"synthetic_grid_point (real coordinates, not a documented locality)",,"MP/Maharashtra (Sausar belt corridor, district not assigned - no offline reverse geocoder available)",background_grid_point,background_unlabeled,,,,,,,,46.34,,,,,,,,,,,,,,,,,,,,,,,,,Unlabeled background point for prospectivity modeling; geology/terrain/spectral attributes NOT populated - see accompanying README,Generated grid (this session),
320,background_grid_0309,22.1,79.8,"synthetic_grid_point (real coordinates, not a documented locality)",,"MP/Maharashtra (Sausar belt corridor, district not assigned - no offline reverse geocoder available)",background_grid_point,background_unlabeled,,,,,,,,46.87,,,,,,,,,,,,,,,,,,,,,,,,,Unlabeled background point for prospectivity modeling; geology/terrain/spectral attributes NOT populated - see accompanying README,Generated grid (this session),
321,background_grid_0310,22.1,79.9,"synthetic_grid_point (real coordinates, not a documented locality)",,"MP/Maharashtra (Sausar belt corridor, district not assigned - no offline reverse geocoder available)",background_grid_point,background_unlabeled,,,,,,,,44.74,,,,,,,,,,,,,,,,,,,,,,,,,Unlabeled background point for prospectivity modeling; geology/terrain/spectral attributes NOT populated - see accompanying README,Generated grid (this session),
322,background_grid_0311,22.1,80.0,"synthetic_grid_point (real coordinates, not a documented locality)",,"MP/Maharashtra (Sausar belt corridor, district not assigned - no offline reverse geocoder available)",background_grid_point,background_unlabeled,,,,,,,,37.47,,,,,,,,,,,,,,,,,,,,,,,,,Unlabeled background point for prospectivity modeling; geology/terrain/spectral attributes NOT populated - see accompanying README,Generated grid (this session),
323,background_grid_0312,22.1,80.1,"synthetic_grid_point (real coordinates, not a documented locality)",,"MP/Maharashtra (Sausar belt corridor, district not assigned - no offline reverse geocoder available)",background_grid_point,background_unlabeled,,,,,,,,31.92,,,,,,,,,,,,,,,,,,,,,,,,,Unlabeled background point for prospectivity modeling; geology/terrain/spectral attributes NOT populated - see accompanying README,Generated grid (this session),
324,background_grid_0313,22.1,80.2,"synthetic_grid_point (real coordinates, not a documented locality)",,"MP/Maharashtra (Sausar belt corridor, district not assigned - no offline reverse geocoder available)",background_grid_point,background_unlabeled,,,,,,,,29.09,,,,,,,,,,,,,,,,,,,,,,,,,Unlabeled background point for prospectivity modeling; geology/terrain/spectral attributes NOT populated - see accompanying README,Generated grid (this session),
325,background_grid_0314,22.1,80.3,"synthetic_grid_point (real coordinates, not a documented locality)",,"MP/Maharashtra (Sausar belt corridor, district not assigned - no offline reverse geocoder available)",background_grid_point,background_unlabeled,,,,,,,,22.72,,,,,,,,,,,,,,,,,,,,,,,,,Unlabeled background point for prospectivity modeling; geology/terrain/spectral attributes NOT populated - see accompanying README,Generated grid (this session),
326,background_grid_0315,22.1,80.4,"synthetic_grid_point (real coordinates, not a documented locality)",,"MP/Maharashtra (Sausar belt corridor, district not assigned - no offline reverse geocoder available)",background_grid_point,background_unlabeled,,,,,,,,16.16,,,,,,,,,,,,,,,,,,,,,,,,,Unlabeled background point for prospectivity modeling; geology/terrain/spectral attributes NOT populated - see accompanying README,Generated grid (this session),
327,background_grid_0316,22.1,80.5,"synthetic_grid_point (real coordinates, not a documented locality)",,"MP/Maharashtra (Sausar belt corridor, district not assigned - no offline reverse geocoder available)",background_grid_point,background_unlabeled,,,,,,,,14.78,,,,,,,,,,,,,,,,,,,,,,,,,Unlabeled background point for prospectivity modeling; geology/terrain/spectral attributes NOT populated - see accompanying README,Generated grid (this session),
328,background_grid_0317,22.1,80.6,"synthetic_grid_point (real coordinates, not a documented locality)",,"MP/Maharashtra (Sausar belt corridor, district not assigned - no offline reverse geocoder available)",background_grid_point,background_unlabeled,,,,,,,,19.71,,,,,,,,,,,,,,,,,,,,,,,,,Unlabeled background point for prospectivity modeling; geology/terrain/spectral attributes NOT populated - see accompanying README,Generated grid (this session),
329,background_grid_0318,22.1,80.7,"synthetic_grid_point (real coordinates, not a documented locality)",,"MP/Maharashtra (Sausar belt corridor, district not assigned - no offline reverse geocoder available)",background_grid_point,background_unlabeled,,,,,,,,27.77,,,,,,,,,,,,,,,,,,,,,,,,,Unlabeled background point for prospectivity modeling; geology/terrain/spectral attributes NOT populated - see accompanying README,Generated grid (this session),
330,background_grid_0319,22.1,80.8,"synthetic_grid_point (real coordinates, not a documented locality)",,"MP/Maharashtra (Sausar belt corridor, district not assigned - no offline reverse geocoder available)",background_grid_point,background_unlabeled,,,,,,,,36.96,,,,,,,,,,,,,,,,,,,,,,,,,Unlabeled background point for prospectivity modeling; geology/terrain/spectral attributes NOT populated - see accompanying README,Generated grid (this session),
331,background_grid_0320,22.1,80.9,"synthetic_grid_point (real coordinates, not a documented locality)",,"MP/Maharashtra (Sausar belt corridor, district not assigned - no offline reverse geocoder available)",background_grid_point,background_unlabeled,,,,,,,,46.62,,,,,,,,,,,,,,,,,,,,,,,,,Unlabeled background point for prospectivity modeling; geology/terrain/spectral attributes NOT populated - see accompanying README,Generated grid (this session),
332,background_grid_0321,22.2,79.0,"synthetic_grid_point (real coordinates, not a documented locality)",,"MP/Maharashtra (Sausar belt corridor, district not assigned - no offline reverse geocoder available)",background_grid_point,background_unlabeled,,,,,,,,92.62,,,,,,,,,,,,,,,,,,,,,,,,,Unlabeled background point for prospectivity modeling; geology/terrain/spectral attributes NOT populated - see accompanying README,Generated grid (this session),
333,background_grid_0322,22.2,79.1,"synthetic_grid_point (real coordinates, not a documented locality)",,"MP/Maharashtra (Sausar belt corridor, district not assigned - no offline reverse geocoder available)",background_grid_point,background_unlabeled,,,,,,,,86.45,,,,,,,,,,,,,,,,,,,,,,,,,Unlabeled background point for prospectivity modeling; geology/terrain/spectral attributes NOT populated - see accompanying README,Generated grid (this session),
334,background_grid_0323,22.2,79.2,"synthetic_grid_point (real coordinates, not a documented locality)",,"MP/Maharashtra (Sausar belt corridor, district not assigned - no offline reverse geocoder available)",background_grid_point,background_unlabeled,,,,,,,,79.03,,,,,,,,,,,,,,,,,,,,,,,,,Unlabeled background point for prospectivity modeling; geology/terrain/spectral attributes NOT populated - see accompanying README,Generated grid (this session),
335,background_grid_0324,22.2,79.3,"synthetic_grid_point (real coordinates, not a documented locality)",,"MP/Maharashtra (Sausar belt corridor, district not assigned - no offline reverse geocoder available)",background_grid_point,background_unlabeled,,,,,,,,72.33,,,,,,,,,,,,,,,,,,,,,,,,,Unlabeled background point for prospectivity modeling; geology/terrain/spectral attributes NOT populated - see accompanying README,Generated grid (this session),
336,background_grid_0325,22.2,79.4,"synthetic_grid_point (real coordinates, not a documented locality)",,"MP/Maharashtra (Sausar belt corridor, district not assigned - no offline reverse geocoder available)",background_grid_point,background_unlabeled,,,,,,,,66.55,,,,,,,,,,,,,,,,,,,,,,,,,Unlabeled background point for prospectivity modeling; geology/terrain/spectral attributes NOT populated - see accompanying README,Generated grid (this session),
337,background_grid_0326,22.2,79.5,"synthetic_grid_point (real coordinates, not a documented locality)",,"MP/Maharashtra (Sausar belt corridor, district not assigned - no offline reverse geocoder available)",background_grid_point,background_unlabeled,,,,,,,,61.97,,,,,,,,,,,,,,,,,,,,,,,,,Unlabeled background point for prospectivity modeling; geology/terrain/spectral attributes NOT populated - see accompanying README,Generated grid (this session),
338,background_grid_0327,22.2,79.6,"synthetic_grid_point (real coordinates, not a documented locality)",,"MP/Maharashtra (Sausar belt corridor, district not assigned - no offline reverse geocoder available)",background_grid_point,background_unlabeled,,,,,,,,58.85,,,,,,,,,,,,,,,,,,,,,,,,,Unlabeled background point for prospectivity modeling; geology/terrain/spectral attributes NOT populated - see accompanying README,Generated grid (this session),
339,background_grid_0328,22.2,79.7,"synthetic_grid_point (real coordinates, not a documented locality)",,"MP/Maharashtra (Sausar belt corridor, district not assigned - no offline reverse geocoder available)",background_grid_point,background_unlabeled,,,,,,,,57.44,,,,,,,,,,,,,,,,,,,,,,,,,Unlabeled background point for prospectivity modeling; geology/terrain/spectral attributes NOT populated - see accompanying README,Generated grid (this session),
340,background_grid_0329,22.2,79.8,"synthetic_grid_point (real coordinates, not a documented locality)",,"MP/Maharashtra (Sausar belt corridor, district not assigned - no offline reverse geocoder available)",background_grid_point,background_unlabeled,,,,,,,,57.87,,,,,,,,,,,,,,,,,,,,,,,,,Unlabeled background point for prospectivity modeling; geology/terrain/spectral attributes NOT populated - see accompanying README,Generated grid (this session),
341,background_grid_0330,22.2,79.9,"synthetic_grid_point (real coordinates, not a documented locality)",,"MP/Maharashtra (Sausar belt corridor, district not assigned - no offline reverse geocoder available)",background_grid_point,background_unlabeled,,,,,,,,52.61,,,,,,,,,,,,,,,,,,,,,,,,,Unlabeled background point for prospectivity modeling; geology/terrain/spectral attributes NOT populated - see accompanying README,Generated grid (this session),
342,background_grid_0331,22.2,80.0,"synthetic_grid_point (real coordinates, not a documented locality)",,"MP/Maharashtra (Sausar belt corridor, district not assigned - no offline reverse geocoder available)",background_grid_point,background_unlabeled,,,,,,,,46.58,,,,,,,,,,,,,,,,,,,,,,,,,Unlabeled background point for prospectivity modeling; geology/terrain/spectral attributes NOT populated - see accompanying README,Generated grid (this session),
343,background_grid_0332,22.2,80.1,"synthetic_grid_point (real coordinates, not a documented locality)",,"MP/Maharashtra (Sausar belt corridor, district not assigned - no offline reverse geocoder available)",background_grid_point,background_unlabeled,,,,,,,,42.25,,,,,,,,,,,,,,,,,,,,,,,,,Unlabeled background point for prospectivity modeling; geology/terrain/spectral attributes NOT populated - see accompanying README,Generated grid (this session),
344,background_grid_0333,22.2,80.2,"synthetic_grid_point (real coordinates, not a documented locality)",,"MP/Maharashtra (Sausar belt corridor, district not assigned - no offline reverse geocoder available)",background_grid_point,background_unlabeled,,,,,,,,37.79,,,,,,,,,,,,,,,,,,,,,,,,,Unlabeled background point for prospectivity modeling; geology/terrain/spectral attributes NOT populated - see accompanying README,Generated grid (this session),
345,background_grid_0334,22.2,80.3,"synthetic_grid_point (real coordinates, not a documented locality)",,"MP/Maharashtra (Sausar belt corridor, district not assigned - no offline reverse geocoder available)",background_grid_point,background_unlabeled,,,,,,,,31.0,,,,,,,,,,,,,,,,,,,,,,,,,Unlabeled background point for prospectivity modeling; geology/terrain/spectral attributes NOT populated - see accompanying README,Generated grid (this session),
346,background_grid_0335,22.2,80.4,"synthetic_grid_point (real coordinates, not a documented locality)",,"MP/Maharashtra (Sausar belt corridor, district not assigned - no offline reverse geocoder available)",background_grid_point,background_unlabeled,,,,,,,,26.57,,,,,,,,,,,,,,,,,,,,,,,,,Unlabeled background point for prospectivity modeling; geology/terrain/spectral attributes NOT populated - see accompanying README,Generated grid (this session),
347,background_grid_0336,22.2,80.5,"synthetic_grid_point (real coordinates, not a documented locality)",,"MP/Maharashtra (Sausar belt corridor, district not assigned - no offline reverse geocoder available)",background_grid_point,background_unlabeled,,,,,,,,25.76,,,,,,,,,,,,,,,,,,,,,,,,,Unlabeled background point for prospectivity modeling; geology/terrain/spectral attributes NOT populated - see accompanying README,Generated grid (this session),
348,background_grid_0337,22.2,80.6,"synthetic_grid_point (real coordinates, not a documented locality)",,"MP/Maharashtra (Sausar belt corridor, district not assigned - no offline reverse geocoder available)",background_grid_point,background_unlabeled,,,,,,,,28.87,,,,,,,,,,,,,,,,,,,,,,,,,Unlabeled background point for prospectivity modeling; geology/terrain/spectral attributes NOT populated - see accompanying README,Generated grid (this session),
349,background_grid_0338,22.2,80.7,"synthetic_grid_point (real coordinates, not a documented locality)",,"MP/Maharashtra (Sausar belt corridor, district not assigned - no offline reverse geocoder available)",background_grid_point,background_unlabeled,,,,,,,,34.87,,,,,,,,,,,,,,,,,,,,,,,,,Unlabeled background point for prospectivity modeling; geology/terrain/spectral attributes NOT populated - see accompanying README,Generated grid (this session),
350,background_grid_0339,22.2,80.8,"synthetic_grid_point (real coordinates, not a documented locality)",,"MP/Maharashtra (Sausar belt corridor, district not assigned - no offline reverse geocoder available)",background_grid_point,background_unlabeled,,,,,,,,42.55,,,,,,,,,,,,,,,,,,,,,,,,,Unlabeled background point for prospectivity modeling; geology/terrain/spectral attributes NOT populated - see accompanying README,Generated grid (this session),
351,background_grid_0340,22.2,80.9,"synthetic_grid_point (real coordinates, not a documented locality)",,"MP/Maharashtra (Sausar belt corridor, district not assigned - no offline reverse geocoder available)",background_grid_point,background_unlabeled,,,,,,,,51.16,,,,,,,,,,,,,,,,,,,,,,,,,Unlabeled background point for prospectivity modeling; geology/terrain/spectral attributes NOT populated - see accompanying README,Generated grid (this session),
